宝盛北里三居室，高楼层，电梯直达，满五年唯一,宝盛北里,清河,3室1厅 ,140.25, 南 北 , 精装 ,9, 2004年 , 板楼,89, 3个月以前发布,9600000.0,"68,450元/平",VR房源 房本满五年 
海淀清河电信宿舍 南北通透精装2层两居室 满五年唯一,清河电信宿舍,清河,2室1厅 ,53.99, 南 北 , 精装 ,6, 1986年 , 板楼,167, 4个月以前发布,3500000.0,"64,827元/平",近地铁 VR看装修 房本满五年 
公司大区总监推荐电梯房，全明格局精装修，首付压力小,北京机械学院家属楼,清河,2室1厅 ,74.5, 东 , 精装 ,9, 1999年 , 板塔结合,44, 11个月以前发布,4750000.0,"63,759元/平",近地铁 VR房源 房本满两年 
世华龙樾一期西区 满五年唯一 中楼层 南北通透,世华龙樾一期西区,清河,2室1厅 ,75.9, 南 北 , 简装 ,18, 2014年 , 板塔结合,89, 4个月以前发布,6800000.0,"89,592元/平",VR看装修 房本满五年 随时看房 
清河 福美苑 正规南向两居室 带电梯 满五唯一,福美苑,清河,2室1厅 ,83.11, 南 , 简装 ,16, 2012年 , 板楼,127, 5个月以前发布,4980000.0,"59,921元/平",近地铁 VR看装修 房本满五年 随时看房 
宝盛里观澳园，房主诚意出售，稳定签约，看房方便,观澳园,清河,1室1厅 ,44.86, 南 , 精装 ,5, 2005年 , 板楼,56, 8个月以前发布,3590000.0,"80,027元/平",VR看装修 房本满五年 随时看房 
满五唯一 您期待的温馨小户型 有钥匙 无遮挡,毛纺厂南小区,清河,1室0厅 ,35.81, 东 西 , 简装 ,6, 1993年 , 板楼,133, 4个月以前发布,2630000.0,"73,444元/平",近地铁 VR看装修 房本满五年 随时看房 
中央财经大学家属楼 南北通透 中间位置 精装三居室,中央财经大学家属楼,清河,3室1厅 ,82.96, 南 北 , 精装 ,6, 1998年 , 板楼,60, 7个月以前发布,6500000.0,"78,352元/平",近地铁 VR房源 房本满五年 
宝盛里观澳园，满五唯一，南北通透，看房随时，靠谱卖,观澳园,清河,1室1厅 ,75.86, 南 北 , 简装 ,5, 2005年 , 板楼,24, 5个月以前发布,5350000.0,"70,525元/平",VR看装修 房本满五年 随时看房 
美和园全阳面两居，已转商，好楼层，有电梯，采光好。,金隅美和园,清河,2室1厅 ,81.98, 南 , 简装 ,9, 2008年 , 板楼,34, 6个月以前发布,6750000.0,"82,338元/平",VR看装修 房本满两年 
怡清园两居，电梯直达，南向落地阳台，视野开阔，诚售,怡清园,清河,2室1厅 ,117.54, 南 , 简装 ,15, 2003年 , 板塔结合,42, 5个月以前发布,6880000.0,"58,534元/平",近地铁 VR房源 房本满五年 随时看房 
海清园清河小营桥旁精装修带电梯一居室,海清园,清河,1室1厅 ,58.4, 东 北 , 精装 ,18, 2001年 , 塔楼,10, 4个月以前发布,3830000.0,"65,583元/平",近地铁 VR看装修 房本满五年 
金隅美和园 南北通透 中间位置电梯两居室 临近公园,金隅美和园,清河,2室1厅 ,85.22, 南 北 , 精装 ,9, 2008年 , 板楼,36, 5个月以前发布,6650000.0,"78,034元/平",近地铁 VR看装修 房本满五年 
毛纺厂南小区，满五年，经典户型,毛纺厂南小区,清河,2室1厅 ,54.2, 北 南 , 简装 ,5, 1980年 , 板楼,19, 9个月以前发布,3600000.0,"66,421元/平",近地铁 VR房源 房本满五年 
清河嘉园东向正规一居室，带三个阳台，采光好,强佑清河新城府学上院,清河,1室1厅 ,60.39, 东 , 精装 ,27, 2009年 , 板塔结合,13, 6个月以前发布,4690000.0,"77,662元/平",近地铁 VR看装修 房本满五年 
南向两居室，采光好，看房方便，业主诚心出售,世华龙樾一期西区,清河,2室1厅 ,76.08, 南 西 , 毛坯 ,11, 2018年 , 板楼,317, 6个月以前发布,6300000.0,"82,808元/平",近地铁 VR看装修 随时看房 
强佑府学上院全南向一居室户型，采光好，视野无遮挡,强佑清河新城府学上院,清河,1室1厅 ,38.75, 南 , 精装 ,14, 2021年 , 板塔结合,118, 一年前发布,3190000.0,"82,323元/平",近地铁 VR看装修 随时看房 
强佑清河新城府学上院 2018年房龄 小区品质高 视野好,强佑清河新城府学上院,清河,1室0厅 ,25.28, 西 , 精装 ,18, 2020年 , 板塔结合,18, 5个月以前发布,2850000.0,"112,738元/平",近地铁 VR看装修 随时看房 
清景园，南北向三居室，满五唯一商品房，随时可看,清景园,清河,3室1厅 ,131.2, 南 北 , 简装 ,22, 2007年 , 板塔结合,26, 2个月以前发布,10600000.0,"80,793元/平",VR看装修 随时看房 
莱圳家园大二居97，满五年唯一，南北通透采光视野好，,莱圳家园,清河,3室1厅 ,97.86, 南 北 , 简装 ,19, 2009年 , 板塔结合,121, 3个月以前发布,8300000.0,"84,816元/平",近地铁 VR看装修 房本满五年 随时看房 
毛纺厂南小区低楼层西南向两居 满五唯一,毛纺厂南小区,清河,2室1厅 ,51.5, 南 西 , 简装 ,6, 1980年 , 板塔结合,19,11,3400000.0,"66,020元/平",近地铁 VR房源 房本满五年 
宝盛里南北通透两居室，诚意出售,宝盛里,清河,2室1厅 ,69.27, 南 北 , 简装 ,6, 2001年 , 板楼,58, 1个月以前发布,4700000.0,"67,851元/平",VR房源 随时看房 
永泰园双地铁 半人车分流 有地下车库 商品房小区,永泰园新地标,清河,2室1厅 ,93.73, 西南 , 简装 ,31, 2002年 , 塔楼,45, 2个月以前发布,6050000.0,"64,548元/平",近地铁 VR看装修 房本满五年 随时看房 
橡树湾一期 东南两居 全明格局 婚房精装修,橡树湾一期,清河,2室1厅 ,88.81, 东南 , 精装 ,22, 2007年 , 板塔结合,17,8,10800000.0,"121,608元/平",近地铁 VR看装修 房本满两年 
永泰园新上全南向一居室，中间楼层，靠谱出售,永泰园,清河,1室1厅 ,44.54, 南 , 简装 ,7, 1999年 , 板楼,17,16,3450000.0,"77,459元/平",近地铁 VR看装修 房本满五年 随时看房 
精装修 南北两居 满五唯一 可看房 可签约,毛纺厂南小区,清河,2室1厅 ,55.3, 南 北 , 精装 ,6, 1986年 , 板楼,22,19,3400000.0,"61,483元/平",近地铁 VR房源 房本满五年 随时看房 
清缘东里 带电梯 满五唯一商品房,清缘东里,清河,2室1厅 ,66.57, 西 北 , 精装 ,13, 2003年 , 塔楼,7,4,4490000.0,"67,448元/平",近地铁 VR房源 房本满五年 随时看房 
小营东路5号院南北通透的两居中间层看房方便,小营东路5号院,清河,2室1厅 ,54.1, 南 北 , 简装 ,6, 1996年 , 板楼,11,8,3800000.0,"70,241元/平",近地铁 VR看装修 随时看房 
金隅美和园东区 全南向正规两居,金隅美和园东区,清河,2室2厅 ,81.45, 南 , 精装 ,6, 2009年 , 板楼,6,19,5600000.0,"68,754元/平",近地铁 VR看装修 房本满五年 
清河品质社区，优质南北三居，双卧朝南，小区中间位置,621小区,清河,3室1厅 ,76.6, 南 北 , 简装 ,6, 1988年 , 板楼,16,18,5570000.0,"72,716元/平",近地铁 VR房源 房本满五年 
橡树湾二期 正规三居室 精装修 领包入住 满五年唯一,橡树湾二期,清河,3室1厅 ,96.04, 东 西 , 精装 ,12, 2009年 , 板塔结合,5,4,11600000.0,"120,784元/平",近地铁 VR看装修 房本满五年 
橡树湾二期花园洋房下跃 低密度带下沉式庭院 满五唯一,橡树湾二期,清河,4室3厅 ,281.7, 南 北 , 精装 ,9, 2008年 , 板楼,5, 10个月以前发布,31000000.0,"110,047元/平",近地铁 VR房源 房本满五年 
宝盛西里 南北向四居，视野好，采光也很好,宝盛里,清河,4室1厅 ,114.5, 南 北 , 精装 ,6, 2001年 , 板楼,19, 一年前发布,7100000.0,"62,009元/平",VR房源 房本满五年 
小营东路7号院 3室1厅 东 西,小营东路7号院,清河,3室1厅 ,109.52, 东 西 , 简装 ,6, 1999年 , 板楼,14, 10个月以前发布,7980000.0,"72,864元/平",VR看装修 房本满五年 
海淀产权 带电梯 西向大两居 满五唯一,水木天成,清河,3室1厅 ,106.57, 西 , 精装 ,26, 2006年 , 板楼,30, 5个月以前发布,7480000.0,"70,189元/平",VR房源 房本满五年 
此房满五唯一 精装修 高楼层 视野好  正规三居室,君安家园东区,清河,3室1厅 ,144.35, 西南 , 精装 ,19, 2005年 , 塔楼,50, 一年前发布,9980000.0,"69,138元/平",近地铁 VR看装修 房本满五年 
宝盛里 低楼层  南北通透三居室 满五年,宝盛里,清河,3室2厅 ,117.82, 南 北 , 精装 ,6, 2000年 , 板楼,30, 10个月以前发布,8800000.0,"74,691元/平",VR看装修 房本满五年 
宝盛北里，两室两厅两卫，中间层，位置好,宝盛北里,清河,2室2厅 ,115.86, 南 北 , 精装 ,6, 2004年 , 板楼,19, 4个月以前发布,8300000.0,"71,639元/平",VR房源 房本满五年 
宝盛北里正规两居，商品房满五年，无抵押，诚意出售,宝盛北里,清河,2室2厅 ,104.85, 南 北 , 精装 ,6, 2004年 , 板楼,15, 6个月以前发布,6850000.0,"65,332元/平",VR房源 房本满五年 
f橡府   视野开阔  诚心出售 采光充足,橡树湾五期,清河,4室2厅 ,239.19, 南 北 , 其他 ,22, 2018年 , 板楼,20, 8个月以前发布,35000000.0,"146,328元/平",VR看装修 房本满两年 
浩思家园 下跃户型 带下沉花园 满五唯一 精装修,专家国际花园,清河,3室3厅 ,193.0, 南 北 , 精装 ,5, 2008年 , 板楼,42, 一年前发布,28000000.0,"145,078元/平",近地铁 VR房源 房本满五年 
海淀清河永泰西里 正规3居 满五唯一 双卧朝南 户型好,永泰西里,清河,3室1厅 ,91.28, 东 北 南 , 简装 ,6, 1998年 , 板楼,10, 6个月以前发布,7450000.0,"81,618元/平",近地铁 VR看装修 房本满五年 
双地铁 电科院 满五年的商品房，正规三居室南北通透，,小营东路6号院,清河,3室1厅 ,114.31, 南 北 , 精装 ,6, 2000年 , 板楼,22, 2个月以前发布,7290000.0,"63,774元/平",近地铁 VR看装修 房本满五年 
怡清园，满五年唯一 上下两层 看房方便,怡清园,清河,3室2厅 ,149.09, 南 北 , 其他 ,6, 2003年 , 板楼,9, 9个月以前发布,8900000.0,"59,696元/平",近地铁 VR房源 房本满五年 
宝盛里 满五年唯一 南北通透 两居室 中间楼层 无遮挡,宝盛里,清河,2室2厅 ,87.43, 南 北 , 简装 ,6, 2001年 , 板楼,44, 10个月以前发布,6480000.0,"74,117元/平",VR看装修 房本满五年 
海淀 清河 观景园 板楼电梯次顶层 视野开阔,观景园,清河,3室2厅 ,141.8, 南 北 , 简装 ,6, 2011年 , 板楼,39, 一年前发布,13200000.0,"93,089元/平",VR看装修 房本满两年 
世华龙樾四期经典三居室，小区新环境好,世华龙樾四期,清河,3室2厅 ,136.7, 南 北 , 毛坯 ,6, 2018年 , 板楼,32, 一年前发布,22900000.0,"167,521元/平",近地铁 VR看装修 房本满两年 随时看房 
小营东路7号院 正规三居室 满五年一手业主  看房随时,小营东路7号院,清河,3室1厅 ,103.38, 东 南 北 , 简装 ,6, 1999年 , 板楼,57, 5个月以前发布,8230000.0,"79,610元/平",VR看装修 房本满五年 随时看房 
橡树湾四期，全明格局，精装三居，给换房周期,橡树湾四期,清河,3室2厅 ,149.69, 南 北 , 精装 ,25, 2014年 , 板塔结合,91, 11个月以前发布,19000000.0,"126,929元/平",VR房源 房本满五年 随时看房 
橡树湾四期 南北通透 不临街 精装修 诚意售,橡树湾四期,清河,3室2厅 ,162.56, 南 北 , 精装 ,25, 2014年 , 板塔结合,19, 5个月以前发布,20100000.0,"123,647元/平",VR房源 房本满五年 随时看房 
新上永泰园东南向三室两卫观景房，靠谱靠谱靠谱,永泰园新地标,清河,3室2厅 ,135.59, 东南 , 简装 ,31, 2002年 , 塔楼,133, 7个月以前发布,7600000.0,"56,052元/平",VR房源 房本满两年 随时看房 
精装修，艺术气息的设计，一梯一户的入户,世华龙樾二期,清河,4室1厅 ,107.7, 南 北 , 其他 ,9, 2015年 , 板楼,35, 8个月以前发布,16500000.0,"153,204元/平",近地铁 VR房源 房本满五年 随时看房 
力度家园方正一室一厅不临街无遮挡,力度家园,清河,1室1厅 ,59.98, 北 , 精装 ,21, 2004年 , 板塔结合,2, 4个月以前发布,4990000.0,"83,195元/平",近地铁 VR看装修 房本满两年 随时看房 
f橡府南北精装三居诚意出售，看房方便,橡树湾五期,清河,3室2厅 ,146.61, 北 南 , 精装 ,12, 2018年 , 板楼,10, 3个月以前发布,22000000.0,"150,058元/平",近地铁 VR房源 
海清园正规一居室 近地铁 户型方正 诚意出售 价格可谈,海清园,清河,1室1厅 ,58.4, 东北 , 简装 ,18, 2001年 , 塔楼,9, 3个月以前发布,4000000.0,"68,494元/平",近地铁 VR看装修 房本满两年 
清河新城府学上院  满五唯一 中间位置,强佑清河新城府学上院,清河,2室1厅 ,62.79, 北 , 精装 ,22, 2009年 , 板塔结合,31, 3个月以前发布,4660000.0,"74,216元/平",近地铁 VR看装修 房本满五年 随时看房 
加气厂宿舍 满五唯一 南北通透 诚意出售,加气混凝土厂宿舍,清河,2室1厅 ,51.6, 南 北 , 简装 ,5, 1984年 , 板楼,3, 3个月以前发布,4390000.0,"85,078元/平",近地铁 VR看装修 房本满五年 随时看房 
满五唯一 楼层好 精装修 南侧无遮挡 随时签约,观景园,清河,2室1厅 ,91.44, 南 北 , 精装 ,6, 2011年 , 板楼,5, 3个月以前发布,7680000.0,"83,990元/平",VR看装修 房本满五年 
北京机械学院家属楼南北向正规两居室,北京机械学院家属楼,清河,2室1厅 ,60.3, 南 北 , 简装 ,4, 1981年 , 板楼,68, 一年前发布,4250000.0,"70,481元/平",近地铁 VR看装修 房本满两年 随时看房 
永泰园小区，此房满五唯一，户型方正；,永泰园新地标,清河,2室2厅 ,110.02, 西 , 精装 ,31, 2002年 , 塔楼,22, 10个月以前发布,6850000.0,"62,262元/平",近地铁 VR看装修 房本满五年 随时看房 
毛纺厂南小区 2室1厅 西南,毛纺厂南小区,清河,2室1厅 ,67.1, 西南 , 精装 ,6, 1997年 , 板楼,9, 3个月以前发布,4800000.0,"71,536元/平",VR看装修 房本满五年 
海清园 2室1厅 西南,海清园,清河,2室1厅 ,88.29, 西南 , 简装 ,18, 2001年 , 塔楼,38, 3个月以前发布,5600000.0,"63,428元/平",近地铁 VR看装修 房本满五年 随时看房 
砂轮厂宿舍，精装复式两居，双卫，南北通透,砂轮厂宿舍,清河,3室2厅 ,96.62, 南 北 , 精装 ,7, 1998年 , 板楼,5, 3个月以前发布,6290000.0,"65,101元/平",VR房源 房本满五年 
621小区 满五唯一  正规两居室 全南向采光充足,621小区,清河,2室1厅 ,53.6, 南 , 简装 ,5, 1984年 , 板楼,6, 4个月以前发布,5070000.0,"94,590元/平",近地铁 VR房源 房本满五年 
强佑清河新城府学上院 2021年房龄 临河观景 视野开阔,强佑清河新城府学上院,清河,2室1厅 ,87.67, 西南 , 精装 ,29, 2021年 , 板塔结合,30, 一年前发布,8850000.0,"100,947元/平",VR看装修 
清缘里中区，正规两居室，看房方便，业主诚心出售。,清缘里中区,清河,2室1厅 ,66.6, 南 北 , 简装 ,10, 1998年 , 板楼,125, 10个月以前发布,4980000.0,"74,775元/平",VR看装修 
强佑清河新城府学上院 2018年次新房 品质小区 格局好,强佑清河新城府学上院,清河,1室1厅 ,38.01, 西北 , 精装 ,18, 2020年 , 板塔结合,14, 5个月以前发布,3800000.0,"99,974元/平",近地铁 VR看装修 随时看房 
永泰园南北通透三居室 双卧朝南 采光好 配套齐全,永泰园,清河,3室1厅 ,69.3, 南 北 , 简装 ,5, 1993年 , 板楼,92, 5个月以前发布,5150000.0,"74,315元/平",近地铁 VR看装修 房本满五年 随时看房 
清河新城府学上院 满五唯一 楼层适中,强佑清河新城府学上院,清河,1室1厅 ,65.1, 西南 , 精装 ,27, 2009年 , 板塔结合,6, 2个月以前发布,4990000.0,"76,652元/平",VR看装修 
观澳园，全南向带电梯，中高层，满五唯一，看房方便,观澳园,清河,2室1厅 ,66.87, 南 , 其他 ,9, 2006年 , 板楼,32, 1个月以前发布,5390000.0,"80,605元/平",VR看装修 房本满五年 
橡树湾三期 正规南北通透三居室 满五年唯一 精装修,橡树湾三期,清河,3室2厅 ,160.35, 南 北 , 精装 ,20, 2011年 , 板塔结合,12, 1个月以前发布,19390000.0,"120,923元/平",近地铁 VR房源 房本满五年 
清缘里中区经典两居室，欢迎来访,清缘里中区,清河,2室1厅 ,82.6, 东南 , 精装 ,13, 2003年 , 板楼,21,11,4930000.0,"59,686元/平",近地铁 VR房源 房本满两年 随时看房 
橡树湾一期 优质正规两居室 不临街 小区中间位置 诚售,橡树湾一期,清河,2室1厅 ,71.19, 西 , 精装 ,11, 2007年 , 板塔结合,15, 1个月以前发布,8500000.0,"119,399元/平",近地铁 VR房源 房本满两年 
621小区 2室1厅 南 北,621小区,清河,2室1厅 ,56.9, 南 北 , 简装 ,6, 1980年 , 板楼,6, 1个月以前发布,4390000.0,"77,153元/平",VR看装修 房本满五年 
莱圳家园 带阳台南向两居室 满五唯一,莱圳家园,清河,2室1厅 ,77.88, 南 , 简装 ,18, 2009年 , 板楼,19, 一年前发布,7450000.0,"95,660元/平",VR看装修 房本满五年 
商品的社区，2022年精装修的三居室，,永泰园新地标,清河,3室2厅 ,141.38, 东南 , 精装 ,31, 2002年 , 塔楼,27,19,9280000.0,"65,639元/平",VR看装修 房本满两年 随时看房 
莱圳家园对花园高层一居室 房子很优质业主诚售能谈,莱圳家园,清河,1室1厅 ,68.71, 东 , 精装 ,13, 2006年 , 板楼,22, 6个月以前发布,6500000.0,"94,601元/平",近地铁 VR看装修 房本满两年 随时看房 
永泰东里，精装南向一居室，中间层，看房有钥匙,永泰东里,清河,1室1厅 ,47.15, 南 , 其他 ,6, 1999年 , 板楼,19, 10个月以前发布,4600000.0,"97,561元/平",近地铁 VR看装修 房本满五年 
小营东路7号院 南北通透三居 双卧朝南采光,小营东路7号院,清河,3室1厅 ,103.38, 东 南 北 , 简装 ,6, 1999年 , 板楼,636, 一年前发布,7950000.0,"76,901元/平",VR看装修 房本满五年 
橡树湾二期 不临街 主力两居户型 精装诚意 出售,橡树湾二期,清河,2室1厅 ,94.48, 东南 , 精装 ,9, 2008年 , 板塔结合,56, 一年前发布,13500000.0,"142,888元/平",近地铁 VR看装修 房本满两年 
总监力推  南北通透两居室，靠谱出售,观景园,清河,2室1厅 ,90.49, 南 北 , 简装 ,6, 2008年 , 板楼,29, 一年前发布,7200000.0,"79,567元/平",VR房源 房本满五年 
毛纺厂南小区 低楼层两居室 满五唯一 业主诚意出售,毛纺厂南小区,清河,2室1厅 ,56.3, 南 北 , 精装 ,5, 1979年 , 板楼,11, 9个月以前发布,4100000.0,"72,825元/平",近地铁 VR房源 房本满五年 
观林园 三居室 带电梯 低密度 有公园,观林园,清河,3室2厅 ,162.42, 南 北 , 精装 ,6, 2011年 , 板楼,41, 一年前发布,13700000.0,"84,350元/平",VR房源 房本满五年 
永泰东里 南北通透 三居室 满五唯一 诚心出售,永泰东里,清河,3室1厅 ,95.93, 南 北 , 精装 ,6, 1996年 , 板楼,41, 一年前发布,7550000.0,"78,704元/平",近地铁 VR看装修 房本满两年 
世华龙樾一期东区，南北两居，人车分流，一梯两户,世华龙樾一期东区,清河,2室1厅 ,87.3, 南 北 , 其他 ,11, 2014年 , 板楼,40, 5个月以前发布,11500000.0,"131,730元/平",近地铁 VR房源 房本满五年 
福美苑南北通透二居室 钥匙房 业主随时可以签约,福美苑,清河,2室2厅 ,90.45, 南 北 , 简装 ,16, 2012年 , 板楼,43, 4个月以前发布,5850000.0,"64,677元/平",近地铁 VR看装修 房本满五年 
毛纺厂南小区97年 满五唯一低楼层两居室 诚意出售,毛纺厂南小区,清河,2室1厅 ,70.8, 南 北 , 精装 ,6, 1997年 , 板楼,47, 5个月以前发布,4870000.0,"68,786元/平",VR看装修 房本满五年 
观景园精装两居，视野宽阔，采光充足，配套设施齐全,观景园,清河,2室1厅 ,85.88, 东南 , 精装 ,6, 2008年 , 板楼,78, 6个月以前发布,6190000.0,"72,078元/平",VR看装修 房本满五年 
莱圳家园 三期南北通透两居室 不临街视野好,莱圳家园,清河,2室2厅 ,87.65, 南 北 , 精装 ,13, 2012年 , 板楼,42, 7个月以前发布,8100000.0,"92,414元/平",近地铁 VR看装修 房本满五年 
强佑清河新城府学上院 南向开间 全明格局 次新房,强佑清河新城府学上院,清河,1室0厅 ,42.35, 西南 , 精装 ,18, 2020年 , 板塔结合,34, 3个月以前发布,3650000.0,"86,187元/平",近地铁 VR看装修 
强佑清河新城府学上院 次新房 精装修 南北通透 位置好,强佑清河新城府学上院,清河,3室1厅 ,122.13, 南 北 , 精装 ,24, 2020年 , 板塔结合,33, 4个月以前发布,9800000.0,"80,243元/平",近地铁 VR看装修 
永泰东里，南北通透两居室，业主自住，无抵押,永泰东里,清河,2室1厅 ,60.36, 南 北 , 其他 ,6, 1996年 , 板楼,134, 一年前发布,4650000.0,"77,038元/平",近地铁 VR看装修 房本满两年 
金隅美和园 优质南北向正规一居室,金隅美和园,清河,1室1厅 ,49.85, 南 北 , 精装 ,9, 2008年 , 板楼,39, 一年前发布,4000000.0,"80,241元/平",近地铁 VR看装修 房本满五年 
621小区 满五年 随时可看 可签 两居室,621小区,清河,2室1厅 ,54.1, 南 北 , 精装 ,6, 1993年 , 板楼,7, 4个月以前发布,4200000.0,"77,635元/平",近地铁 VR看装修 房本满五年 
强佑清河新城府学上院 2018年房龄 经典格局 视野开阔,强佑清河新城府学上院,清河,2室1厅 ,93.16, 南 , 精装 ,24, 2020年 , 板塔结合,73, 4个月以前发布,8500000.0,"91,241元/平",近地铁 VR看装修 随时看房 
宝盛里 3室1厅 南 北,宝盛里,清河,3室1厅 ,113.2, 南 北 , 精装 ,5, 2000年 , 板楼,4, 3个月以前发布,7800000.0,"68,905元/平",VR看装修 房本满五年 
美和园南向大一居（拓展两居+书房）实用面积大采光好,金隅美和园,清河,1室1厅 ,62.82, 南 , 简装 ,9, 2008年 , 板楼,18, 3个月以前发布,5350000.0,"85,164元/平",VR房源 房本满五年 随时看房 
清河文苑正规四居室 满五唯一 04年的商品房 视野开阔,清河文苑,清河,4室1厅 ,147.64, 东南 , 简装 ,22, 2004年 , 塔楼,34, 一年前发布,11500000.0,"77,893元/平",近地铁 VR看装修 房本满五年 随时看房 
宝盛里观林园 东西通透 大两居,观林园,清河,2室2厅 ,119.95, 东 西 , 简装 ,6, 2011年 , 板楼,21, 10个月以前发布,9100000.0,"75,865元/平",VR看装修 房本满五年 随时看房 
小营东路7号院首付260万就够，正规3居室，空置有钥匙,小营东路7号院,清河,3室1厅 ,106.19, 南 西 , 简装 ,6, 1999年 , 板楼,23, 10个月以前发布,7480000.0,"70,440元/平",VR看装修 房本满五年 随时看房 
新上主推 观澳园 全明格局 满五年唯一 中间楼层,观澳园,清河,2室1厅 ,103.44, 东 南 北 , 简装 ,7, 2005年 , 板楼,77, 11个月以前发布,8260000.0,"79,854元/平",VR房源 房本满两年 随时看房 
雪梨澳乡E区双拼别墅地上两层毛坯房花园300平,雪梨澳乡E区,清河,3室2厅 ,243.61, 南 北 , 毛坯 ,2, 2007年 , 暂无数据,101, 一年前发布,20000000.0,"82,099元/平",近地铁 VR看装修 房本满五年 随时看房 
信息学院家属楼 明厅 明卫 三居室 一手业主,信息学院家属楼,清河,3室1厅 ,89.0, 南 北 , 简装 ,6, 1986年 , 板楼,15, 4个月以前发布,6600000.0,"74,158元/平",近地铁 VR看装修 房本满五年 随时看房 
清河永泰西里 两层楼单独入户 满五唯一 看房方便,永泰西里,清河,4室2厅 ,103.6, 南 北 西 , 简装 ,7, 1995年 , 板楼,38, 一年前发布,6200000.0,"59,846元/平",近地铁 VR房源 房本满五年 随时看房 
宝盛里观澳园 电梯高层大三居 视野采光佳,观澳园,清河,3室1厅 ,152.07, 南 西 北 , 简装 ,10, 2005年 , 板楼,83, 一年前发布,12500000.0,"82,199元/平",VR看装修 房本满五年 随时看房 
橡树湾一期 南北三居室  彩光好 视野无遮挡 诚意出售,橡树湾一期,清河,3室2厅 ,125.37, 南 北 , 简装 ,18, 2007年 , 板塔结合,37, 9个月以前发布,18100000.0,"144,373元/平",近地铁 VR看装修 房本满五年 随时看房 
主推 观林园两居 南北通透 中间楼层 看房方便,观林园,清河,2室1厅 ,95.92, 南 北 , 精装 ,6, 2008年 , 板楼,22, 5个月以前发布,8080000.0,"84,237元/平",VR看装修 房本满五年 随时看房 
观林园 主推4居 中间楼层3层，诚心出售 满五,观林园,清河,4室1厅 ,141.01, 东 西 北 , 简装 ,6, 2011年 , 板楼,50, 9个月以前发布,9800000.0,"69,499元/平",VR看装修 房本满五年 随时看房 
橡树湾二期花园洋房上跃层结构 小区中间位置空中别墅,橡树湾二期,清河,5室2厅 ,212.0, 南 北 , 精装 ,9, 2008年 , 板楼,19, 一年前发布,34000000.0,"160,378元/平",近地铁 VR房源 房本满五年 随时看房 
橡树湾五期精装修三居室 双卧朝南 南北通透 中间楼层,橡树湾五期,清河,3室2厅 ,146.12, 南 北 , 精装 ,12, 2018年 , 板楼,50, 8个月以前发布,20500000.0,"140,296元/平",近地铁 VR看装修 房本满两年 随时看房 
强佑府学上院 南北通透电梯三居 精致装修,强佑清河新城府学上院,清河,3室1厅 ,139.35, 南 北 , 精装 ,27, 2012年 , 板塔结合,23, 2个月以前发布,10700000.0,"76,786元/平",近地铁 VR房源 房本满两年 
世华龙樾一期西区 南北两居 满五唯一 人车分流电梯房,世华龙樾一期西区,清河,2室1厅 ,75.16, 南 北 , 简装 ,18, 2014年 , 板塔结合,22,17,6650000.0,"88,478元/平",近地铁 VR看装修 房本满五年 
总监力荐，电梯直达，靠谱签约，看房随时,清润家园,清河,2室1厅 ,78.32, 西南 , 简装 ,17, 2010年 , 塔楼,43,17,5850000.0,"74,694元/平",VR看装修 随时看房 
强佑府学上院 精致装修电梯小户型 诚售中,强佑清河新城府学上院,清河,2室1厅 ,62.55, 北 , 精装 ,27, 2009年 , 板塔结合,46, 1个月以前发布,4130000.0,"66,028元/平",VR房源 随时看房 
强佑清河新城府学上院 品质两居 无噪音 满五唯一,强佑清河新城府学上院,清河,2室1厅 ,84.39, 西南 , 简装 ,27, 2012年 , 板塔结合,17,19,6680000.0,"79,157元/平",近地铁 VR看装修 房本满五年 随时看房 
总监推荐房源 满五年唯一 南北通透两居室 中间楼层,永泰东里,清河,2室1厅 ,59.89, 南 北 , 简装 ,6, 1994年 , 板楼,36,17,3980000.0,"66,456元/平",近地铁 VR看装修 房本满五年 
永泰明厅两居，中间层，满5唯一，已收钥匙，随时看房,永泰东里,清河,2室1厅 ,64.76, 南 北 , 简装 ,6, 1997年 , 板楼,24, 2个月以前发布,4600000.0,"71,032元/平",近地铁 VR房源 房本满五年 随时看房 
清缘里中区满五唯一 电梯 双层单独分开入户 临河观景,清缘里中区,清河,4室2厅 ,146.68, 南 北 , 精装 ,10, 1998年 , 板楼,60, 4个月以前发布,7680000.0,"52,359元/平",VR房源 房本满五年 随时看房 
永泰东里 二层，位置好，东西南采光好，有钥匙 方便看,永泰东里,清河,3室1厅 ,69.64, 东 南 西 , 毛坯 ,6, 1996年 , 板楼,80, 一年前发布,4400000.0,"63,183元/平",近地铁 VR看装修 房本满两年 随时看房 
次新房，基本没有住过，精装修，观景房，老客户房源,橡树湾四期,清河,2室2厅 ,100.41, 东南 , 精装 ,20, 2013年 , 板楼,13, 3个月以前发布,14000000.0,"139,429元/平",VR看装修 房本满五年 
四期精装三居，动静分离，干挂石材外立面，南北不临街,橡树湾四期,清河,3室2厅 ,178.05, 南 北 , 精装 ,25, 2014年 , 板塔结合,33, 10个月以前发布,23500000.0,"131,986元/平",VR房源 房本满五年 
清河君安家园东区明卫三居室 精装修 商品房,君安家园东区,清河,3室1厅 ,143.76, 南 北 , 精装 ,19, 2005年 , 塔楼,45, 一年前发布,10060000.0,"69,978元/平",VR房源 房本满五年 
学府树家园四区 正对小区花园  视野彩光好 安静不临街,橡树湾四期,清河,3室2厅 ,177.64, 南 北 , 精装 ,25, 2014年 , 板塔结合,53, 一年前发布,26650000.0,"150,023元/平",VR看装修 房本满两年 
橡树湾四期正规四居室 正对小区花园 无遮挡 采光好,橡树湾四期,清河,4室2厅 ,191.51, 南 北 , 精装 ,25, 2014年 , 板塔结合,23, 6个月以前发布,25880000.0,"135,137元/平",VR看装修 房本满五年 
莱圳家园 南北通透三居 视野好采光好,莱圳家园,清河,3室2厅 ,114.53, 南 北 , 简装 ,18, 2009年 , 板楼,62, 5个月以前发布,11000000.0,"96,045元/平",VR看装修 房本满五年 
橡树湾五期（f橡府）观景高层四居 开发商精装,橡树湾五期,清河,4室2厅 ,238.69, 南 北 , 精装 ,22, 2018年 , 板楼,27, 5个月以前发布,35890000.0,"150,363元/平",VR看装修 房本满五年 
普通住宅 ，明厨明卫，有电梯，稳定签约，看房方便,芳清园,清河,3室1厅 ,142.51, 东南 北 , 其他 ,6, 2007年 , 板楼,43, 5个月以前发布,11480000.0,"80,556元/平",近地铁 VR房源 房本满五年 随时看房 
橡树湾二期优质小两居，满五唯一，格局好,橡树湾二期,清河,2室1厅 ,72.6, 东 , 精装 ,22, 2008年 , 板塔结合,48, 11个月以前发布,9000000.0,"123,967元/平",近地铁 VR看装修 房本满五年 
假期可看 怡清园，近地铁，带电梯大两居,怡清园,清河,2室1厅 ,111.11, 西 , 精装 ,15, 2003年 , 板塔结合,19, 4个月以前发布,6400000.0,"57,601元/平",近地铁 VR房源 房本满五年 
高得房率 25万精装修 小区中间位置 全新拎包入住,世华龙樾一期西区,清河,2室1厅 ,78.05, 南 北 , 精装 ,11, 2018年 , 板楼,20, 1个月以前发布,6980000.0,"89,430元/平",近地铁 VR看装修 随时看房 
毛纺厂南小区 南北通透 明厅 精装修,毛纺厂南小区,清河,2室1厅 ,63.1, 南 北 , 其他 ,6, 1987年 , 板楼,13, 2个月以前发布,4500000.0,"71,316元/平",近地铁 VR看装修 房本满五年 
前屯路满5年唯一，自住精装修，产权清晰，南北通透,前屯路58号院,清河,2室1厅 ,56.4, 南 北 , 精装 ,6, 1989年 , 板楼,23, 1个月以前发布,3680000.0,"65,249元/平",VR看装修 房本满五年 
永泰东里 正规南向 精装修 中间层一居诚心卖,永泰东里,清河,1室1厅 ,48.1, 南 , 精装 ,6, 1994年 , 板楼,17, 3个月以前发布,3350000.0,"69,647元/平",近地铁 VR看装修 房本满五年 随时看房 
莱圳家园带阳台一居室 正南向 观景房,莱圳家园,清河,1室1厅 ,67.73, 南 , 精装 ,18, 2009年 , 板楼,26, 1个月以前发布,5600000.0,"82,682元/平",近地铁 VR看装修 房本满两年 
南北通透，楼层高，视野好，首套契税1%,清缘里中区,清河,2室1厅 ,45.54, 南 北 , 简装 ,10, 1998年 , 板楼,72, 2个月以前发布,3300000.0,"72,464元/平",VR看装修 随时看房 
新上！新上！海淀清河永泰园南北通透正规两居室,永泰园,清河,2室1厅 ,71.96, 南 北 , 简装 ,6, 1999年 , 板楼,44, 1个月以前发布,4580000.0,"63,647元/平",近地铁 VR看装修 房本满五年 随时看房 
橡树湾二期  低密度洋房 精装修 位置安静 保养好,橡树湾二期,清河,4室1厅 ,210.34, 南 北 , 精装 ,9, 2008年 , 板楼,16, 5个月以前发布,27000000.0,"128,364元/平",近地铁 房本满五年 
世华龙樾一期东区 南北通透 一层下跃户型 满五唯一,世华龙樾一期东区,清河,3室2厅 ,146.76, 南 北 , 简装 ,18, 2014年 , 板楼,17, 3个月以前发布,17800000.0,"121,287元/平",近地铁 VR房源 房本满五年 随时看房 
世华龙樾三期 上跃 低密度板楼 小区安静 诚售,世华龙樾三期,清河,5室2厅 ,139.71, 南 北 , 精装 ,6, 2017年 , 板楼,8, 3个月以前发布,23800000.0,"170,353元/平",近地铁 VR房源 房本满五年 
强佑清河新城府学上院眼睛户型三居室,强佑清河新城府学上院,清河,3室1厅 ,128.27, 东南 , 精装 ,27, 2009年 , 板塔结合,11, 3个月以前发布,11860000.0,"92,462元/平",VR看装修 房本满五年 随时看房 
莱圳家园正规大二居，南北通透，精装修，地铁西小口近,莱圳家园,清河,2室1厅 ,97.86, 南 北 , 精装 ,19, 2009年 , 板塔结合,26, 3个月以前发布,8990000.0,"91,866元/平",近地铁 VR看装修 房本满两年 
海淀安宁庄 经典复式  南北通透 满五唯一 诚心出售,阳光南里,清河,4室1厅 ,95.1, 南 北 , 简装 ,6, 1998年 , 板楼,9, 3个月以前发布,5990000.0,"62,987元/平",近地铁 VR房源 房本满五年 
芳清园 精装修 不临街 采光充足 带电梯,芳清园,清河,2室1厅 ,68.22, 东 , 精装 ,9, 2007年 , 板楼,18, 3个月以前发布,5600000.0,"82,088元/平",VR房源 房本满两年 
金隅美和园 东西通透三居室 满五唯一 诚意出售,金隅美和园,清河,3室1厅 ,77.47, 东 西 , 精装 ,9, 2008年 , 板楼,30, 3个月以前发布,6500000.0,"83,904元/平",VR看装修 房本满五年 
精装修 地铁永泰庄 满五年唯一 诚心出售 公园,怡清园,清河,3室2厅 ,148.19, 南 北 , 其他 ,6, 2003年 , 板楼,7, 8个月以前发布,9100000.0,"61,408元/平",近地铁 VR房源 房本满五年 
中间位置 次顶层 满五年唯一 精装装修 随时可看,观林园,清河,2室2厅 ,141.32, 南 北 , 精装 ,6, 2011年 , 板楼,18, 11个月以前发布,13500000.0,"95,528元/平",VR看装修 房本满五年 
清缘里中区南北通透两居室，满五年唯一，靠谱签约。,清缘里中区,清河,3室1厅 ,76.44, 南 北 , 精装 ,10, 1998年 , 板楼,20, 7个月以前发布,5690000.0,"74,438元/平",VR看装修 房本满五年 
清缘里中区经典三居室，欢迎来访,清缘里中区,清河,3室2厅 ,112.91, 南 北 , 简装 ,10, 1999年 , 板楼,147, 一年前发布,7500000.0,"66,425元/平",近地铁 VR房源 房本满五年 
永泰园 4室2厅 南 北,永泰园,清河,4室2厅 ,137.68, 南 北 , 其他 ,6, 2002年 , 板楼,11, 7个月以前发布,8690000.0,"63,118元/平",近地铁 VR房源 房本满五年 
清河花园新区 临河观景 业主诚意出售,花园新区,清河,2室2厅 ,121.89, 东 南 , 简装 ,19, 2010年 , 塔楼,109, 一年前发布,6500000.0,"53,327元/平",VR看装修 房本满两年 
世华龙樾二期 南北通透三居室 精装修业主自己住,世华龙樾二期,清河,3室2厅 ,141.09, 南 北 , 精装 ,9, 2015年 , 板楼,11, 3个月以前发布,21500000.0,"152,386元/平",近地铁 VR看装修 房本满五年 
华润的品质商品房产品系*f橡府，改善换房值得一看,橡树湾五期,清河,3室2厅 ,144.37, 南 北 , 精装 ,16, 2016年 , 板楼,21, 8个月以前发布,23500000.0,"162,777元/平",VR看装修 房本满五年 
世华龙樾四期宽景四居  新装修  拎包入住,世华龙樾四期,清河,4室3厅 ,331.18, 东 南 北 , 精装 ,6, 2019年 , 板楼,36, 7个月以前发布,45000000.0,"135,878元/平",近地铁 VR看装修 房本满两年 
橡树湾二期 复式4居室 分区明确 视野开阔 采光充足,橡树湾二期,清河,4室1厅 ,90.1, 东南 , 精装 ,11, 2009年 , 板塔结合,17, 4个月以前发布,13900000.0,"154,274元/平",近地铁 VR房源 房本满五年 
信息学院家属楼 南北通透三居 中间层,信息学院家属楼,清河,3室1厅 ,89.0, 南 北 , 简装 ,6, 1986年 , 板楼,5, 6个月以前发布,6990000.0,"78,540元/平",近地铁 VR看装修 房本满五年 
海淀清河  观景园 2010年社区  满五唯一 有电梯,观景园,清河,4室2厅 ,180.14, 东 南 北 , 精装 ,6, 2008年 , 板楼,130, 一年前发布,14990000.0,"83,214元/平",VR看装修 房本满五年 
宝盛里 全南向 经典一居室 中间层 满五唯一,宝盛里,清河,1室1厅 ,55.5, 南 , 简装 ,6, 1998年 , 板楼,11, 4个月以前发布,3950000.0,"71,172元/平",VR看装修 房本满两年 
621小区 满五唯一  正规两居室 全南向采光充足,621小区,清河,2室1厅 ,53.6, 南 , 简装 ,5, 1984年 , 板楼,6, 4个月以前发布,5070000.0,"94,590元/平",近地铁 VR房源 房本满五年 
小营东路5号院 2室1厅 南 北,小营东路5号院,清河,2室1厅 ,48.6, 南 北 , 简装 ,4, 1970年 , 板楼,8, 4个月以前发布,3390000.0,"69,754元/平",近地铁 VR看装修 房本满五年 
双地铁 永泰西里 8号线 昌平南延线,永泰西里,清河,2室1厅 ,57.34, 东 西 , 简装 ,6, 1998年 , 板楼,1, 3个月以前发布,4700000.0,"81,968元/平",近地铁 VR房源 房本满五年 
满五年唯一 南北两居 人车分流 交通便利 业主诚售,世华龙樾一期西区,清河,2室1厅 ,76.41, 南 北 , 简装 ,18, 2014年 , 板楼,23, 4个月以前发布,7520000.0,"98,417元/平",VR房源 房本满五年 
橡树湾三期 4室2厅 东南,橡树湾三期,清河,4室2厅 ,99.98, 东南 , 简装 ,23, 2011年 , 板塔结合,5, 3个月以前发布,15600000.0,"156,032元/平",近地铁 VR房源 房本满五年 随时看房 
清河宝盛里  南北通透 可当三居使用 满五唯一商品房,宝盛里,清河,2室2厅 ,101.82, 南 北 , 简装 ,6, 2000年 , 板楼,28, 4个月以前发布,6800000.0,"66,785元/平",VR房源 房本满五年 
海淀产权 满五唯一 采光充足 视野好,观澳园,清河,2室1厅 ,84.4, 南 西 , 简装 ,5, 2005年 , 板楼,22, 3个月以前发布,6900000.0,"81,754元/平",VR看装修 房本满五年 
观澳园西南向两居，带电梯，采光好，无遮挡,观澳园,清河,2室1厅 ,89.8, 西南 , 其他 ,9, 2006年 , 板楼,30, 4个月以前发布,6500000.0,"72,384元/平",VR看装修 房本满五年 
永泰园大四居全南向，带电梯，诚心卖。,永泰园新地标,清河,4室2厅 ,176.02, 南 , 简装 ,31, 2002年 , 塔楼,18, 4个月以前发布,11500000.0,"65,334元/平",近地铁 VR看装修 房本满五年 
橡树湾二期精装洋房 双卧朝南 位置安静 业主诚意出售,橡树湾二期,清河,4室2厅 ,175.36, 东 南 北 , 精装 ,6, 2007年 , 板楼,44, 一年前发布,22900000.0,"130,589元/平",近地铁 VR看装修 房本满五年 
砂轮厂宿舍 2室2厅 南,砂轮厂宿舍,清河,2室2厅 ,99.95, 南 , 简装 ,7, 1999年 , 板楼,0, 5个月以前发布,6600000.0,"66,034元/平",近地铁 VR房源 房本满五年 
宝盛里优势复式 全明格局 四居室,宝盛里,清河,5室2厅 ,152.2, 东 南 北 , 精装 ,6, 1998年 , 板楼,36, 一年前发布,7980000.0,"52,432元/平",VR房源 房本满五年 
高楼层 采光好 南北向 通透舒适 正规四居室 诚意出售,橡树湾二期,清河,4室1厅 ,143.53, 南 北 , 简装 ,15, 2009年 , 板塔结合,48, 6个月以前发布,17800000.0,"124,016元/平",近地铁 VR看装修 房本满五年 
宝盛里观林园 精装大两居 双通透 落地阳台 视野好,观林园,清河,2室2厅 ,95.92, 南 北 , 精装 ,6, 2008年 , 板楼,18, 5个月以前发布,8460000.0,"88,199元/平",VR看装修 房本满五年 
四期 二次精装 主力两居室 看房方便 业主急售 仅契税,橡树湾四期,清河,2室1厅 ,99.74, 西南 , 精装 ,25, 2014年 , 板塔结合,15, 5个月以前发布,13700000.0,"137,358元/平",VR看装修 房本满五年 随时看房 
美和园西区低楼层两居，楼间距大有采光，出入方便。,金隅美和园,清河,2室1厅 ,84.02, 南 北 , 简装 ,9, 2009年 , 板楼,115, 一年前发布,6050000.0,"72,007元/平",近地铁 VR看装修 房本满五年 随时看房 
宝盛里观景园，户型方正，使用率高靠谱出售，稳定签约,观景园,清河,2室1厅 ,93.79, 东 西 , 简装 ,6, 2011年 , 板楼,6, 一年前发布,7990000.0,"85,191元/平",VR看装修 房本满两年 随时看房 
满五年唯一，商品房，南北通透，双卫生间，业主诚心签,清缘里中区,清河,3室2厅 ,134.64, 南 北 , 简装 ,10, 2002年 , 板楼,244, 11个月以前发布,7800000.0,"57,933元/平",近地铁 VR看装修 房本满五年 随时看房 
亮！！！次顶层明厅两居 西户采光好 看房随时,永泰庄甲6号院,清河,2室1厅 ,63.6, 南 西 北 , 简装 ,6, 1986年 , 板楼,12, 4个月以前发布,4550000.0,"71,541元/平",近地铁 VR看装修 房本满五年 随时看房 
海淀产权   仅契税 有电梯 低密度板楼,芳清园,清河,2室1厅 ,106.79, 东 西 , 简装 ,9, 2007年 , 板楼,108, 5个月以前发布,8560000.0,"80,158元/平",VR看装修 房本满两年 随时看房 
海淀产权 观澳园小区06年社区，近奥森公园,观澳园,清河,2室1厅 ,84.45, 南 西 , 精装 ,5, 2005年 , 板楼,37, 5个月以前发布,6290000.0,"74,482元/平",VR看装修 房本满五年 随时看房 
阳光南里 南北四居复式 满五唯一 临近清河小营桥地铁,阳光南里,清河,4室1厅 ,119.7, 南 北 , 简装 ,6, 1996年 , 板楼,76, 一年前发布,5550000.0,"46,366元/平",近地铁 VR房源 房本满五年 随时看房 
清缘东里电梯直达两居室，满五唯一,清缘东里,清河,2室1厅 ,85.84, 东 北 , 简装 ,19, 2003年 , 塔楼,50, 4个月以前发布,5880000.0,"68,500元/平",近地铁 VR看装修 房本满五年 随时看房 
燕清源，满五年唯一住宅，稳定出售,燕清源,清河,3室2厅 ,127.77, 西南 北 , 精装 ,28, 2005年 , 板塔结合,13, 11个月以前发布,11300000.0,"88,441元/平",VR看装修 房本满五年 
莱圳家园 满五年唯一 南北通透 带电梯,莱圳家园,清河,2室1厅 ,97.86, 南 北 , 精装 ,19, 2007年 , 板塔结合,20, 5个月以前发布,9900000.0,"101,165元/平",近地铁 VR看装修 房本满五年 
北五环，一居室配套齐全，居家好房子，业主诚心卖，,水木天成,清河,2室1厅 ,67.37, 西北 , 简装 ,20, 2005年 , 板楼,19, 4个月以前发布,5250000.0,"77,928元/平",近地铁 VR看装修 房本满五年 
清河永泰东里 满五年成本价 购房成本低 中间层,永泰东里,清河,2室1厅 ,59.61, 南 北 , 简装 ,6, 1994年 , 板楼,58, 一年前发布,4950000.0,"83,040元/平",近地铁 VR看装修 房本满五年 随时看房 
清缘里区 南北向大两居 电梯直达 业主诚心出售,清缘里中区,清河,2室1厅 ,99.09, 南 北 , 简装 ,13, 1999年 , 板塔结合,18, 6个月以前发布,6300000.0,"63,579元/平",近地铁 VR房源 房本满五年 
清河 明厅 南北通透 两居室  满五年唯一,永泰园,清河,2室1厅 ,69.3, 南 北 , 简装 ,5, 1993年 , 板楼,31, 一年前发布,4900000.0,"70,708元/平",近地铁 VR看装修 房本满五年 随时看房 
两个阳台都朝南 格局方正 永泰东里，中间层满五唯一,永泰东里,清河,2室1厅 ,64.57, 南 北 , 简装 ,6, 1996年 , 板楼,26, 一年前发布,5060000.0,"78,365元/平",VR看装修 房本满五年 随时看房 
清缘里小区南北通透 前后无遮挡 满五年唯一成本价,清缘里中区,清河,2室1厅 ,71.56, 南 北 , 精装 ,10, 1998年 , 板楼,33, 5个月以前发布,5450000.0,"76,160元/平",VR看装修 房本满五年 随时看房 
临河观景，满五成本价，钢混结构，斜顶结构,清缘里中区,清河,1室1厅 ,88.75, 南 北 , 精装 ,10, 2000年 , 板楼,32, 10个月以前发布,6000000.0,"67,606元/平",近地铁 VR看装修 房本满五年 随时看房 
毛南小区 楼龄新 楼层低适合老人 使用面积大,毛纺厂南小区,清河,2室1厅 ,59.5, 南 北 , 简装 ,6, 1994年 , 板楼,15, 10个月以前发布,4850000.0,"81,513元/平",VR看装修 房本满两年 随时看房 
宝盛里中间层，业主18年装修的，中间楼层，诚售可谈,宝盛里,清河,1室1厅 ,57.24, 东 西 , 精装 ,5, 2000年 , 板楼,1, 6个月以前发布,4100000.0,"71,629元/平",VR房源 房本满两年 随时看房 
621小区 3室1厅 南 北,621小区,清河,3室1厅 ,72.0, 南 北 , 其他 ,6, 1988年 , 板楼,7, 10个月以前发布,7780000.0,"108,056元/平",近地铁 VR看装修 房本满五年 随时看房 
世华龙樾四期 宽厅大四居 全明格局 一梯一户,世华龙樾四期,清河,4室1厅 ,331.18, 南 北 东 , 毛坯 ,6, 2019年 , 板楼,16, 9个月以前发布,45000000.0,"135,878元/平",近地铁 VR房源 房本满两年 随时看房 
清缘东里 带电梯两居 满五年 诚心出售,清缘东里,清河,2室1厅 ,80.25, 西南 , 简装 ,13, 2004年 , 塔楼,64, 6个月以前发布,5990000.0,"74,642元/平",近地铁 VR看装修 房本满五年 随时看房 
满五年唯一，商品房，南北通透，双卫生间，业主诚心签,清缘里中区,清河,3室2厅 ,134.64, 南 北 , 简装 ,10, 2002年 , 板楼,244, 11个月以前发布,7800000.0,"57,933元/平",近地铁 VR看装修 房本满五年 随时看房 
永泰园南向大一居无遮挡中间层采光好随时看,永泰园,清河,2室1厅 ,61.9, 南 , 简装 ,6, 1998年 , 板楼,39, 10个月以前发布,4100000.0,"66,236元/平",近地铁 VR看装修 房本满五年 随时看房 
永泰园西区新上二居室，满五年唯一，楼龄新,永泰园,清河,2室1厅 ,70.69, 东 西 , 其他 ,6, 2002年 , 板楼,12, 4个月以前发布,4980000.0,"70,449元/平",近地铁 VR房源 房本满五年 
观景园小区 东西通透  中间层  看房方便,观景园,清河,2室1厅 ,93.79, 东 西 , 精装 ,6, 2011年 , 板楼,3, 9个月以前发布,8300000.0,"88,496元/平",VR看装修 房本满两年 
宝盛里 把边户型三居室 中间楼层 全明格局 采光好,宝盛里,清河,3室1厅 ,91.9, 南 北 , 毛坯 ,6, 1998年 , 板楼,28, 11个月以前发布,7100000.0,"77,258元/平",VR房源 房本满五年 
621小区 满五年唯一，位置安静，环境好，诚意出售,621小区,清河,2室1厅 ,58.1, 东 北 , 简装 ,6, 1989年 , 塔楼,5, 一年前发布,5320000.0,"91,567元/平",近地铁 VR看装修 房本满两年 
北京机械学院家属楼 2室1厅 东,北京机械学院家属楼,清河,2室1厅 ,74.5, 东 , 精装 ,9, 1999年 , 板塔结合,7, 5个月以前发布,5700000.0,"76,511元/平",近地铁 VR看装修 房本满五年 
永泰东里 正规南北通透两居 精装修 采光好 诚心出售,永泰东里,清河,2室1厅 ,57.59, 南 北 , 精装 ,6, 1998年 , 板楼,17, 8个月以前发布,4000000.0,"69,457元/平",近地铁 VR看装修 房本满五年 
总监力荐 满五年唯一商品房 诚意出售 明厅大两居,永泰东里,清河,2室1厅 ,68.02, 南 北 , 其他 ,6, 2000年 , 板楼,7, 6个月以前发布,5100000.0,"74,978元/平",近地铁 VR房源 房本满五年 
清河 福美苑 全南两居室 中间层 满五唯一 精装修,福美苑,清河,2室1厅 ,84.23, 南 , 精装 ,21, 2012年 , 板楼,96, 4个月以前发布,5650000.0,"67,079元/平",近地铁 VR看装修 房本满五年 
花园新区 带电梯 南向两居室 中间楼层 采光视野好,花园新区,清河,2室1厅 ,103.95, 南 , 简装 ,20, 2010年 , 塔楼,155, 一年前发布,6170000.0,"59,356元/平",VR看装修 房本满五年 
橡树湾一期 全明格局两居室 西南向安静 视野采光俱佳,橡树湾一期,清河,2室2厅 ,88.3, 西南 , 简装 ,22, 2007年 , 板塔结合,29, 6个月以前发布,11700000.0,"132,503元/平",近地铁 VR看装修 房本满五年 
观景园 正规一居 品质住宅 采光充足,观景园,清河,1室1厅 ,66.76, 东北 , 精装 ,6, 2008年 , 板楼,9, 一年前发布,6000000.0,"89,875元/平",VR看装修 房本满五年 
清河福美苑 正规三居室 全明户型 中间层,福美苑,清河,3室1厅 ,90.45, 南 西 北 , 精装 ,16, 2012年 , 板楼,44, 6个月以前发布,6700000.0,"74,075元/平",近地铁 VR看装修 房本满两年 
金隅美和园，满五年唯一商品房，全明格局，带电梯高层,金隅美和园,清河,3室1厅 ,83.1, 东 南 西 , 简装 ,9, 2008年 , 板楼,175, 一年前发布,7600000.0,"91,457元/平",近地铁 VR看装修 房本满五年 
宝盛里精装复式三居室，动静分离，业主诚售，满五唯一,宝盛里,清河,3室2厅 ,119.2, 南 北 , 精装 ,6, 2002年 , 板楼,12, 5个月以前发布,6690000.0,"56,125元/平",VR房源 房本满五年 
清河区永泰西里中间层精装修两居室,永泰西里,清河,2室1厅 ,58.15, 南 北 , 精装 ,6, 1998年 , 板楼,18, 一年前发布,5200000.0,"89,424元/平",近地铁 VR看装修 房本满两年 
621小区，诚意出售，看房方便，满五年唯一,621小区,清河,3室1厅 ,76.6, 南 北 , 精装 ,6, 1988年 , 板楼,8, 7个月以前发布,5800000.0,"75,719元/平",VR房源 房本满五年 
清河永泰园满五年商品房，明厅两居 中间层 采光好，,永泰园,清河,2室1厅 ,60.34, 南 , 简装 ,6, 1998年 , 板楼,15, 8个月以前发布,4790000.0,"79,384元/平",近地铁 VR看装修 房本满五年 
前屯路满5年唯一，自住精装修3层，产权清晰，南北通透,前屯路58号院,清河,2室1厅 ,59.2, 南 北 , 精装 ,6, 1989年 , 板楼,9, 6个月以前发布,4570000.0,"77,196元/平",VR看装修 房本满两年 
橡树湾三期   户型方正 精装 拎包入住,橡树湾三期,清河,2室1厅 ,99.93, 东南 , 其他 ,20, 2011年 , 板塔结合,20, 11个月以前发布,13300000.0,"133,094元/平",近地铁 VR看装修 房本满五年 
海淀清河双地铁 电科院优质两居 南北通透 中间层,小营东路6号院,清河,2室1厅 ,56.1, 南 北 , 精装 ,5, 1985年 , 板楼,16, 5个月以前发布,4650000.0,"82,888元/平",近地铁 VR房源 房本满五年 
橡树湾一期  视野开阔 次顶层 位置安静 诚意售,橡树湾一期,清河,3室1厅 ,98.27, 东 西 , 其他 ,11, 2008年 , 板塔结合,17, 5个月以前发布,13000000.0,"132,289元/平",近地铁 VR房源 房本满五年 
橡树湾四期 正规两居  户型方正  精装修 空间布局合理,橡树湾四期,清河,2室2厅 ,91.05, 东 , 精装 ,16, 2014年 , 板塔结合,4, 6个月以前发布,12380000.0,"135,970元/平",VR看装修 房本满五年 
621小区 五星社区 南北通透户型优 采光棒 诚心出售,621小区,清河,3室1厅 ,69.1, 南 北 , 简装 ,6, 1980年 , 板楼,11, 8个月以前发布,5500000.0,"79,595元/平",近地铁 VR看装修 房本满五年 
永泰园南向正规一室一厅，满五年家庭一套房。,永泰园,清河,1室1厅 ,44.54, 南 北 , 精装 ,7, 1999年 , 板楼,7, 6个月以前发布,3880000.0,"87,113元/平",近地铁 VR房源 房本满五年 
清河五彩城旁正规南北通透三居，楼层好视野无遮挡,毛纺厂南小区,清河,3室1厅 ,69.5, 南 北 , 简装 ,6, 1986年 , 板楼,20, 6个月以前发布,5600000.0,"80,576元/平",近地铁 VR看装修 房本满五年 
清秀阁小区经典三居室业主诚意出售,清秀阁,清河,3室2厅 ,118.59, 南 西 , 简装 ,6, 2005年 , 板楼,32, 一年前发布,9900000.0,"83,481元/平",近地铁 VR看装修 房本满五年 
清河北京621厂宿舍 精装修两居诚意出售,621小区,清河,2室1厅 ,66.9, 东 南 西 , 精装 ,4, 1960年 , 板楼,4, 8个月以前发布,5490000.0,"82,063元/平",近地铁 VR看装修 房本满五年 
世华龙樾一期西区 全南向一居室 低楼层 带电梯 诚售,世华龙樾一期西区,清河,1室1厅 ,56.5, 南 , 简装 ,17, 2013年 , 板楼,13, 5个月以前发布,5150000.0,"91,151元/平",近地铁 VR看装修 房本满两年 
阳光南里 板楼三居 格局方正 不临街 看房方便 近地铁,阳光南里,清河,3室1厅 ,90.5, 南 北 , 简装 ,6, 1998年 , 板楼,21, 5个月以前发布,7200000.0,"79,559元/平",VR看装修 房本满两年 
力度家园，满五年住宅，稳定出售,力度家园,清河,2室1厅 ,90.26, 东 北 , 精装 ,15, 2004年 , 板塔结合,22, 8个月以前发布,6500000.0,"72,015元/平",近地铁 VR看装修 房本满五年 
总监力推 满五年唯一 精品装修 布局分布合理 大阳台,永泰东里,清河,1室1厅 ,46.81, 南 , 精装 ,6, 1994年 , 板楼,26, 8个月以前发布,3490000.0,"74,557元/平",近地铁 VR房源 房本满五年 
毛纺厂南小区，精装修，两居室，南北，采光好,毛纺厂南小区,清河,2室1厅 ,53.8, 南 北 , 其他 ,6, 1992年 , 板楼,7, 10个月以前发布,3900000.0,"72,491元/平",近地铁 VR看装修 房本满五年 
毛纺厂南小区 价格能谈 看房方便,毛纺厂南小区,清河,2室1厅 ,59.5, 南 北 , 简装 ,6, 1981年 , 板塔结合,17, 6个月以前发布,3950000.0,"66,387元/平",近地铁 VR房源 房本满五年 
橡树湾三期 精装大一居 位置安静 采光很好无遮挡,橡树湾三期,清河,1室1厅 ,72.46, 东 , 精装 ,18, 2011年 , 板塔结合,6, 7个月以前发布,9450000.0,"130,417元/平",近地铁 VR看装修 房本满五年 
宝盛里中间层南北向两居室，业主自住精装修，诚意出售,宝盛里,清河,2室1厅 ,71.5, 南 北 , 精装 ,6, 2000年 , 板楼,36, 一年前发布,6060000.0,"84,756元/平",VR看装修 房本满五年 
永泰园 2室1厅 南 北,永泰园,清河,2室1厅 ,68.38, 南 北 , 精装 ,6, 1998年 , 板楼,2, 4个月以前发布,5190000.0,"75,900元/平",近地铁 VR看装修 房本满五年 
621小区 2室1厅 东 南,621小区,清河,2室1厅 ,54.1, 东 南 , 简装 ,6, 1993年 , 板楼,5, 6个月以前发布,5050000.0,"93,346元/平",近地铁 VR看装修 房本满两年 
宝盛北里 1室1厅 南,宝盛北里,清河,1室1厅 ,62.19, 南 , 精装 ,6, 2003年 , 板楼,6, 一年前发布,4990000.0,"80,238元/平",VR看装修 房本满五年 
楼下地铁 南向小户型 可以看房 价格可谈,燕清源,清河,1室0厅 ,42.08, 南 , 简装 ,28, 2005年 , 板塔结合,64, 3个月以前发布,3980000.0,"94,582元/平",VR看装修 房本满五年 
电科院 中间层 南向 正规一居室 双地铁 随时签约,小营东路7号院,清河,1室1厅 ,37.1, 南 , 精装 ,4, 1994年 , 板楼,9, 4个月以前发布,3290000.0,"88,680元/平",近地铁 VR房源 房本满两年 
一层下跃 诚意出售 采光视野好 可当四居使用,供电局宿舍家属楼,清河,4室1厅 ,88.75, 南 , 精装 ,6, 1998年 , 板楼,9, 4个月以前发布,7700000.0,"86,761元/平",近地铁 VR房源 房本满两年 随时看房 
房子东向两居带电梯，采光视野好。,强佑清河新城府学上院,清河,2室1厅 ,81.73, 东 , 精装 ,27, 2012年 , 板塔结合,37, 一年前发布,7280000.0,"89,074元/平",近地铁 VR房源 房本满两年 随时看房 
高巢南向loft，采光好，中间层，带电梯 看房随时,高巢,清河,2室1厅 ,47.96, 南 , 精装 ,15, 2005年 , 板塔结合,43, 一年前发布,3650000.0,"76,106元/平",近地铁 VR房源 房本满五年 随时看房 
福美苑 1室1厅 南,福美苑,清河,1室1厅 ,51.59, 南 , 简装 ,21, 2012年 , 板楼,16, 6个月以前发布,3950000.0,"76,566元/平",近地铁 VR看装修 房本满五年 
海淀清河 满二年 中间层采光好 精装 车位多 价格可谈,永泰西里,清河,1室1厅 ,46.21, 南 , 精装 ,6, 1998年 , 板楼,12, 4个月以前发布,3390000.0,"73,361元/平",近地铁 VR房源 房本满两年 随时看房 
怡清园南向有电梯满五唯一两居室,怡清园,清河,2室1厅 ,117.54, 南 , 简装 ,15, 2003年 , 板塔结合,7, 4个月以前发布,7150000.0,"60,831元/平",近地铁 VR房源 房本满五年 
强佑清河新城府学上院 1室1厅 南,强佑清河新城府学上院,清河,1室1厅 ,50.02, 南 , 简装 ,15, 2009年 , 板塔结合,37, 6个月以前发布,3970000.0,"79,369元/平",VR看装修 房本满两年 随时看房 
海淀产权 满五唯一 有电梯 小户型,观澳园,清河,1室1厅 ,47.28, 东 , 精装 ,6, 2006年 , 板楼,40, 一年前发布,3580000.0,"75,720元/平",近地铁 VR看装修 房本满五年 随时看房 
海淀产权 小户型 有电梯 临奥森,观澳园,清河,1室1厅 ,41.2, 东 , 简装 ,6, 2006年 , 板楼,73, 11个月以前发布,3150000.0,"76,457元/平",近地铁 VR房源 房本满五年 
清河宝盛里观澳园 小户型 随时看房 首付少 随时签约,观澳园,清河,1室0厅 ,41.2, 西 , 简装 ,6, 2006年 , 板楼,13, 6个月以前发布,3150000.0,"76,457元/平",近地铁 VR看装修 房本满两年 随时看房 
毛纺厂南小区 2室1厅 南 北,毛纺厂南小区,清河,2室1厅 ,59.0, 南 北 , 其他 ,5, 1979年 , 板楼,9, 10个月以前发布,4750000.0,"80,509元/平",近地铁 VR看装修 房本满五年 
观景园 精准两居 满五唯一 拎包入住,观景园,清河,2室1厅 ,91.44, 南 北 , 精装 ,6, 2011年 , 板楼,20, 8个月以前发布,7180000.0,"78,522元/平",VR房源 房本满五年 
宝盛里小区 中间层三居室 满五唯一商品房,宝盛里,清河,3室2厅 ,100.19, 东 西 , 简装 ,5, 2000年 , 板楼,17, 6个月以前发布,6600000.0,"65,875元/平",VR看装修 房本满五年 
浩思家园 平层四居室 满五年一套住房,专家国际花园,清河,4室2厅 ,271.13, 南 北 , 精装 ,5, 2011年 , 板楼,47, 一年前发布,25480000.0,"93,978元/平",近地铁 VR看装修 房本满五年 
雪梨澳乡E区类独栋三居室带侧院地上两层,雪梨澳乡E区,清河,3室3厅 ,195.7, 南 北 , 简装 ,2, 2004年 , 暂无数据,14, 3个月以前发布,20600000.0,"105,264元/平",VR房源 房本满五年 
海淀清河  观景园 2010年社区  满五唯一 有电梯,观景园,清河,4室2厅 ,180.14, 东 南 北 , 精装 ,6, 2008年 , 板楼,130, 一年前发布,14990000.0,"83,214元/平",VR看装修 房本满五年 
低密度洋房，平层精装四居室，眼睛户型，一梯一户,世华龙樾四期,清河,4室2厅 ,194.22, 南 北 , 精装 ,6, 2018年 , 板楼,31, 4个月以前发布,29500000.0,"151,890元/平",近地铁 VR看装修 房本满两年 
砂轮厂宿舍 1998年房源 南北通透 下楼即地铁 诚意出售,砂轮厂宿舍,清河,2室1厅 ,63.85, 南 北 , 其他 ,7, 1999年 , 板楼,5, 3个月以前发布,4400000.0,"68,912元/平",近地铁 VR房源 房本满两年 随时看房 
美和园满五年唯一商品房，业主自住精装修，电梯高楼层,金隅美和园,清河,2室2厅 ,83.9, 南 北 , 精装 ,9, 2008年 , 板楼,53, 一年前发布,7700000.0,"91,776元/平",VR看装修 房本满五年 随时看房 
美和园东区，中间层，满五年唯一，南北通透，采光充足,金隅美和园东区,清河,2室1厅 ,80.46, 南 北 , 简装 ,7, 2009年 , 板楼,40, 10个月以前发布,6890000.0,"85,633元/平",近地铁 VR看装修 房本满五年 
南向两居室，采光充足，看房方便。,世华龙樾一期西区,清河,2室1厅 ,75.83, 南 , 精装 ,18, 2014年 , 板楼,37, 10个月以前发布,7500000.0,"98,906元/平",VR看装修 房本满五年 
观景园小区满五年唯一 全明格局 中间层,观景园,清河,2室1厅 ,85.64, 南 东 , 简装 ,6, 2008年 , 板楼,47, 一年前发布,7950000.0,"92,831元/平",VR房源 房本满五年 随时看房 
海淀 清河 两居室满五年唯一商品房 随时签约 看房方便,宝盛里,清河,2室1厅 ,73.4, 东北 , 简装 ,5, 2000年 , 板楼,19, 4个月以前发布,4490000.0,"61,172元/平",VR看装修 房本满五年 随时看房 
满五唯一已转商采光好远离地铁噪音从不漏雨漏水无遮挡,金隅美和园东区,清河,3室1厅 ,85.97, 南 北 , 简装 ,6, 2010年 , 板楼,17, 11个月以前发布,7280000.0,"84,681元/平",近地铁 VR房源 房本满五年 
橡树湾一期 精装正规两居室 视野好 居住舒适,橡树湾一期,清河,2室1厅 ,71.26, 西 , 精装 ,11, 2007年 , 板塔结合,12, 5个月以前发布,9400000.0,"131,912元/平",近地铁 VR房源 房本满两年 随时看房 
橡树湾二期主力南向精装拎包入住,橡树湾二期,清河,2室1厅 ,88.53, 东南 , 精装 ,15, 2009年 , 板塔结合,25, 10个月以前发布,12200000.0,"137,807元/平",近地铁 VR看装修 房本满五年 随时看房 
加气混凝土厂精装修二居室，不临街，采光好,加气混凝土厂宿舍,清河,2室1厅 ,51.9, 东 , 精装 ,5, 1984年 , 板楼,2, 7个月以前发布,4140000.0,"79,769元/平",近地铁 VR看装修 房本满五年 随时看房 
砂轮厂宿舍 满五年 看房方便 1998年建成南北通透,砂轮厂宿舍,清河,2室1厅 ,63.85, 南 北 , 其他 ,7, 1999年 , 板楼,44, 6个月以前发布,4200000.0,"65,780元/平",近地铁 VR看装修 房本满五年 
小营东路6号院正规小三居 楼层2层 南北通透 随时看房,小营东路6号院,清河,3室1厅 ,56.2, 南 北 , 简装 ,5, 1985年 , 板楼,37, 6个月以前发布,4580000.0,"81,495元/平",近地铁 VR看装修 房本满五年 随时看房 
宝盛北里正规两居，满五年唯一，精装修，诚意售,宝盛北里,清河,2室1厅 ,86.85, 南 北 , 精装 ,6, 2004年 , 板楼,49, 5个月以前发布,5880000.0,"67,703元/平",VR看装修 房本满五年 随时看房 
高巢小区，带电梯一室一厅，70年大产权,高巢,清河,1室1厅 ,57.02, 东北 , 简装 ,15, 2005年 , 板塔结合,3, 11个月以前发布,4200000.0,"73,659元/平",近地铁 VR看装修 房本满五年 
燕清源 闹中取静 南向两居 动静分离 随时看房,燕清源,清河,2室1厅 ,118.02, 南 , 简装 ,28, 2005年 , 板塔结合,156, 11个月以前发布,8900000.0,"75,411元/平",VR房源 房本满五年 
强佑府学上院 三卧朝南 业主诚心出售,强佑清河新城府学上院,清河,3室2厅 ,141.05, 东南 , 精装 ,27, 2009年 , 板塔结合,122, 一年前发布,10600000.0,"75,151元/平",近地铁 VR看装修 房本满五年 
清河新城府学上院 满五唯一，精装修,强佑清河新城府学上院,清河,3室1厅 ,138.92, 南 北 , 精装 ,27, 2009年 , 板塔结合,22, 8个月以前发布,11780000.0,"84,798元/平",VR看装修 房本满五年 
621小区  中间位置 中间层 出行方便 安静 通风采光好,621小区,清河,2室1厅 ,76.6, 南 北 , 简装 ,6, 1988年 , 板楼,10, 4个月以前发布,6790000.0,"88,643元/平",近地铁 VR房源 房本满五年 
强佑清河新城府学上院 2室1厅 东,强佑清河新城府学上院,清河,2室1厅 ,88.59, 东 , 其他 ,27, 2009年 , 板塔结合,9, 9个月以前发布,7600000.0,"85,789元/平",近地铁 VR看装修 房本满两年 
强佑府学上院东向 电梯两居 精致装修,强佑清河新城府学上院,清河,2室1厅 ,88.59, 东 , 精装 ,27, 2009年 , 板塔结合,12, 一年前发布,8090000.0,"91,320元/平",近地铁 VR看装修 房本满两年 
强佑清河新城府学上院中高楼层落地飘窗视野开阔,强佑清河新城府学上院,清河,2室1厅 ,63.75, 东南 西北 , 简装 ,27, 2012年 , 板塔结合,13, 4个月以前发布,5500000.0,"86,275元/平",近地铁 VR房源 房本满五年 
宝盛北里三室两卫，南北通透，满五年唯一，中间层边户,宝盛北里,清河,3室1厅 ,124.96, 东 南 北 , 简装 ,6, 2004年 , 板楼,22, 5个月以前发布,9200000.0,"73,624元/平",VR看装修 房本满五年 
加气混凝土厂宿舍  低楼层   采光好,加气混凝土厂宿舍,清河,2室1厅 ,36.1, 南 , 精装 ,6, 1989年 , 板楼,8, 一年前发布,4450000.0,"123,269元/平",近地铁 VR看装修 房本满两年 
满二仅契税，中高层采光视野好，主力户型精装修保持佳,橡树湾二期,清河,2室1厅 ,89.48, 西南 , 精装 ,11, 2009年 , 板塔结合,40, 11个月以前发布,12390000.0,"138,467元/平",近地铁 VR看装修 房本满两年 
儿童福利院家属楼 东西通透两居室 高层视野好,儿童福利院家属楼,清河,2室1厅 ,58.3, 东 西 , 简装 ,6, 1995年 , 板楼,15, 6个月以前发布,4100000.0,"70,326元/平",VR看装修 房本满五年 
此房明厅户型，中间楼层，满五唯一，精装修，无遮挡,毛纺厂南小区,清河,2室1厅 ,70.8, 北 南 , 精装 ,6, 1997年 , 板楼,8, 4个月以前发布,5550000.0,"78,390元/平",近地铁 VR看装修 房本满五年 
橡林郡精装 两居  高楼层  采光视野好,橡林郡,清河,3室2厅 ,119.0, 南 北 , 精装 ,18, 2020年 , 板楼,40, 11个月以前发布,15990000.0,"134,370元/平",VR看装修 房本满两年 
海淀北五环 精装中间楼层三居室 全明格局  诚心卖,阳光南里,清河,3室1厅 ,90.4, 南 西北 北 , 精装 ,6, 1999年 , 板楼,33, 10个月以前发布,7650000.0,"84,624元/平",近地铁 VR房源 房本满五年 
621小区 中间位置 安静舒适 满五年唯一央产房,621小区,清河,2室1厅 ,55.1, 西 北 , 精装 ,6, 1989年 , 塔楼,2, 6个月以前发布,5300000.0,"96,189元/平",近地铁 VR看装修 房本满五年 
永泰园新风景靠谱观景大两居着急卖,永泰园新地标,清河,2室1厅 ,115.04, 西北 , 简装 ,31, 2002年 , 塔楼,19, 9个月以前发布,6750000.0,"58,676元/平",近地铁 VR看装修 房本满两年 
621小区 正规两居室 位置好 视野好 诚意出售,621小区,清河,2室1厅 ,55.8, 东南 , 简装 ,6, 1990年 , 塔楼,5, 一年前发布,5500000.0,"98,567元/平",近地铁 VR看装修 房本满五年 
621小区精装修不临街安静采光好,621小区,清河,3室1厅 ,50.7, 南 西 北 , 其他 ,6, 1988年 , 板楼,23, 一年前发布,6100000.0,"120,316元/平",近地铁 VR看装修 房本满五年 
信息学院家属楼 3室1厅 南 北,信息学院家属楼,清河,3室1厅 ,89.12, 南 北 , 其他 ,6, 2000年 , 板楼,8, 10个月以前发布,7000000.0,"78,546元/平",近地铁 VR看装修 房本满五年 
宝盛里低楼层精装三居室，满五年商品房，看房方便,宝盛里,清河,3室1厅 ,103.9, 东 西 , 精装 ,5, 1998年 , 板楼,32, 7个月以前发布,6300000.0,"60,636元/平",VR房源 房本满五年 
宝盛里小区复式，动静分离三居室，看房方便，业主诚售,宝盛里,清河,3室3厅 ,158.63, 南 北 , 简装 ,6, 2002年 , 板楼,18, 8个月以前发布,8800000.0,"55,476元/平",VR房源 房本满五年 
金隅美和园满五年唯一精装修   带电梯 美和园公园,金隅美和园,清河,1室1厅 ,49.62, 西南 , 简装 ,9, 2008年 , 板楼,10, 6个月以前发布,4890000.0,"98,549元/平",近地铁 VR房源 房本满五年 
清河北京621厂宿舍 两居室 诚意出售,621小区,清河,2室1厅 ,49.5, 西北 , 简装 ,6, 1993年 , 板楼,5, 6个月以前发布,4490000.0,"90,708元/平",近地铁 VR看装修 房本满五年 
清河永泰西里 明厅两居室 中间楼层 双地铁 视野无遮挡,永泰西里,清河,2室1厅 ,71.5, 南 北 , 其他 ,7, 1995年 , 板楼,17, 11个月以前发布,5700000.0,"79,721元/平",近地铁 VR看装修 房本满五年 
新上福美苑两居 户型方正 使用率高 无遮挡采光好,福美苑,清河,2室1厅 ,78.94, 西 北 , 其他 ,21, 2012年 , 板楼,73, 一年前发布,5300000.0,"67,140元/平",近地铁 VR看装修 房本满五年 
阳光南里复式无电梯，面积大单价低，满五年唯一,阳光南里,清河,3室1厅 ,122.0, 南 北 , 其他 ,6, 1996年 , 板楼,63, 6个月以前发布,6200000.0,"50,820元/平",近地铁 VR房源 房本满五年 
清河观林园 电梯板楼 南北通透 双卫三居室 中间楼层,观林园,清河,3室1厅 ,140.43, 南 北 , 其他 ,9, 2008年 , 板楼,486, 一年前发布,12450000.0,"88,657元/平",VR看装修 房本满五年 
海清园 01年电梯房 正规两居室 无遮挡 中间楼层,海清园,清河,2室1厅 ,87.05, 东 北 , 其他 ,18, 2001年 , 塔楼,19, 6个月以前发布,6100000.0,"70,075元/平",近地铁 VR看装修 房本满五年 
永泰东里 低楼层 精装修 可正常贷款,永泰东里,清河,1室1厅 ,44.68, 南 , 精装 ,6, 1996年 , 板楼,10, 7个月以前发布,3700000.0,"82,812元/平",近地铁 VR看装修 房本满两年 
海淀清河满五唯一南北通透次顶层好房，双地铁精装自住,前屯路58号院,清河,2室1厅 ,56.4, 南 北 , 精装 ,6, 1989年 , 板楼,7, 6个月以前发布,4330000.0,"76,774元/平",VR看装修 房本满五年 
永泰西里 2室1厅 东 西,永泰西里,清河,2室1厅 ,60.31, 东 西 , 精装 ,6, 1998年 , 板楼,3, 4个月以前发布,4790000.0,"79,423元/平",近地铁 VR房源 房本满五年 
精装 中间层 南北两居 客厅有窗,毛纺厂南小区,清河,2室1厅 ,54.7, 南 西 北 , 精装 ,6, 1981年 , 板楼,92, 一年前发布,4580000.0,"83,730元/平",近地铁 VR看装修 房本满五年 
此房满五唯一 中间位置 中间楼层 全明格局 南北通透,莱圳家园,清河,2室1厅 ,93.52, 南 西 北 , 精装 ,16, 2012年 , 板楼,26, 5个月以前发布,9800000.0,"104,791元/平",近地铁 VR房源 房本满五年 
满五年唯一，视野很好，采光很好，无遮挡,加气混凝土厂宿舍,清河,2室1厅 ,60.1, 南 北 , 简装 ,6, 1993年 , 板楼,0, 4个月以前发布,4990000.0,"83,029元/平",近地铁 VR看装修 房本满五年 
橡树湾三期 主力西南两居室 中间楼层 采光视野俱佳,橡树湾三期,清河,2室2厅 ,99.93, 西南 , 精装 ,20, 2011年 , 板塔结合,5, 5个月以前发布,12980000.0,"129,891元/平",近地铁 VR看装修 房本满五年 
宝盛里 电梯小两居 中间楼层 满五唯一,宝盛里,清河,2室1厅 ,69.3, 南 北 , 简装 ,9, 1998年 , 板楼,41, 9个月以前发布,4950000.0,"71,429元/平",VR看装修 房本满五年 
金隅美和园 南北向正规一居室 小区中间位置,金隅美和园,清河,1室1厅 ,48.68, 南 北 , 精装 ,9, 2009年 , 板楼,3, 5个月以前发布,4590000.0,"94,290元/平",近地铁 VR房源 房本满两年 
橡树湾三期精装修四居业主诚意出售,橡树湾三期,清河,4室2厅 ,108.68, 东 西 , 简装 ,16, 2011年 , 板塔结合,14, 一年前发布,15280000.0,"140,597元/平",近地铁 VR看装修 房本满五年 
永泰园 全南向两居，南北也通透，精装,永泰园,清河,2室1厅 ,57.3, 南 北 , 精装 ,5, 1993年 , 板楼,102, 11个月以前发布,3990000.0,"69,634元/平",近地铁 VR房源 房本满两年 随时看房 
海淀 清河 机械学院 南北二居 精装修 1988年的楼龄,北京机械学院家属楼,清河,2室1厅 ,54.3, 南 北 , 精装 ,5, 1981年 , 板楼,22, 一年前发布,4450000.0,"81,953元/平",近地铁 VR看装修 房本满两年 
邮局家属楼 南北通透 格局方正 诚意出售,邮局家属楼,清河,2室1厅 ,69.4, 南 北 东 , 其他 ,6, 1986年 , 板楼,5, 11个月以前发布,4890000.0,"70,462元/平",近地铁 VR房源 房本满五年 随时看房 
前屯路57号院 精装修两居室，南北通透,前屯路57号院,清河,2室1厅 ,54.2, 南 北 , 简装 ,6, 1980年 , 板楼,17, 10个月以前发布,3600000.0,"66,421元/平",近地铁 VR看装修 房本满两年 
观景园两居室，精装修，南北通透，位置好。,观景园,清河,2室1厅 ,91.44, 南 北 , 精装 ,6, 2011年 , 板楼,94, 一年前发布,8150000.0,"89,130元/平",VR看装修 房本满五年 随时看房 
宝盛里观澳园，南北通透两居室，视野开阔，看房随时,观澳园,清河,2室1厅 ,99.14, 南 北 , 其他 ,5, 2005年 , 板楼,85, 一年前发布,7780000.0,"78,475元/平",VR看装修 房本满两年 随时看房 
砂轮厂宿舍 正规三居室 三面采光,砂轮厂宿舍,清河,3室1厅 ,78.41, 南 西 北 , 简装 ,7, 1999年 , 板楼,26, 10个月以前发布,5500000.0,"70,145元/平",VR看装修 房本满五年 随时看房 
清河供电局宿舍 南北通透两居室  中间楼层  户型方正,供电局宿舍家属楼,清河,2室2厅 ,67.68, 南 北 , 简装 ,6, 1999年 , 板楼,50, 一年前发布,5980000.0,"88,357元/平",近地铁 VR看装修 房本满五年 随时看房 
主推观景园中间楼层满五年唯一靠谱签约,观景园,清河,2室1厅 ,90.44, 南 北 , 简装 ,6, 2008年 , 板楼,29, 6个月以前发布,8250000.0,"91,221元/平",VR房源 房本满五年 随时看房 
永泰东里，5层，南北向 明厅 满五年唯一 永泰庄地铁,永泰东里,清河,2室1厅 ,62.39, 南 北 , 其他 ,6, 1999年 , 板楼,6, 7个月以前发布,4600000.0,"73,730元/平",近地铁 VR看装修 房本满五年 
橡树湾旁 安静两居 满五唯一 电梯房随时看,力度家园,清河,2室1厅 ,77.23, 西 北 , 简装 ,21, 2004年 , 板塔结合,115, 4个月以前发布,5850000.0,"75,748元/平",近地铁 VR房源 房本满五年 
清缘东里正规南向两居，带电梯，户型方正，落地阳台,清缘东里,清河,2室1厅 ,87.66, 南 , 简装 ,19, 2003年 , 塔楼,46, 8个月以前发布,7000000.0,"79,854元/平",近地铁 VR看装修 房本满五年 随时看房 
世华龙樾一期西区2013年商品房， 满五唯一，可贷款。,世华龙樾一期西区,清河,2室1厅 ,75.83, 南 , 简装 ,18, 2014年 , 板楼,19, 7个月以前发布,7500000.0,"98,906元/平",VR看装修 房本满两年 随时看房 
毛纺厂西小区+双地铁+五彩城配套好,毛纺厂西小区,清河,2室1厅 ,54.6, 南 北 , 毛坯 ,5, 1982年 , 板楼,16, 4个月以前发布,3990000.0,"73,077元/平",VR看装修 房本满五年 随时看房 
海淀清河宝盛里 中间位置南向一居 小区有公立幼儿园,宝盛里,清河,1室1厅 ,53.09, 南 , 其他 ,6, 2000年 , 板楼,4, 5个月以前发布,3900000.0,"73,461元/平",VR看装修 房本满两年 随时看房 
2011年房子，满五年 精装修，4层，看房随时，诚心出售,观景园,清河,2室1厅 ,91.44, 南 北 , 精装 ,6, 2011年 , 板楼,32, 7个月以前发布,7350000.0,"80,381元/平",VR看装修 房本满五年 随时看房 
两个阳台都朝南 格局方正 永泰东里，中间层满五唯一,永泰东里,清河,2室1厅 ,64.57, 南 北 , 简装 ,6, 1996年 , 板楼,26, 一年前发布,5060000.0,"78,365元/平",VR看装修 房本满五年 随时看房 
莱圳家园 中间层 南向正规两居 采光好,莱圳家园,清河,2室1厅 ,83.06, 南 , 简装 ,19, 2007年 , 板塔结合,56, 8个月以前发布,8300000.0,"99,928元/平",近地铁 VR看装修 房本满五年 
燕清源 西南北两居 近地铁 精装修 全明格局 诚意出售,燕清源,清河,2室1厅 ,104.23, 西 南 北 , 精装 ,28, 2005年 , 板塔结合,12, 5个月以前发布,8500000.0,"81,551元/平",VR房源 房本满五年 
海清园 1室1厅 东 北,海清园,清河,1室1厅 ,58.4, 东 北 , 简装 ,18, 2001年 , 塔楼,24, 5个月以前发布,3850000.0,"65,925元/平",近地铁 VR看装修 房本满五年 
五号院一层小两居 满五年唯一 看房随时 交通便利,小营东路5号院,清河,2室1厅 ,50.9, 南 北 , 其他 ,5, 1980年 , 板楼,5, 9个月以前发布,4600000.0,"90,374元/平",近地铁 VR看装修 房本满五年 随时看房 
清河砂轮厂宿舍 中间层两居室 视野开阔，配套齐全,砂轮厂宿舍,清河,2室1厅 ,62.17, 南 , 简装 ,7, 1998年 , 板楼,7, 9个月以前发布,4400000.0,"70,774元/平",VR看装修 房本满两年 
力度家园 2室2厅 东 西,力度家园,清河,2室2厅 ,112.34, 东 西 , 精装 ,14, 2004年 , 板楼,13, 6个月以前发布,8600000.0,"76,554元/平",近地铁 VR看装修 房本满五年 
中央财经大学家属楼南北朝向两居，不临街，位置安静。,中央财经大学家属楼,清河,2室1厅 ,62.6, 南 北 , 简装 ,6, 1993年 , 板楼,28, 10个月以前发布,5500000.0,"87,860元/平",近地铁 VR看装修 房本满五年 
公交党校宿舍，满五年唯一，南北通透两居室,公交党校宿舍,清河,2室1厅 ,49.44, 北 南 , 简装 ,5, 1982年 , 板楼,16, 7个月以前发布,4070000.0,"82,323元/平",近地铁 VR房源 房本满五年 
前屯路57号院 南北通透 无遮挡两居室,前屯路57号院,清河,2室1厅 ,52.7, 南 北 , 简装 ,6, 1982年 , 板楼,3, 9个月以前发布,4300000.0,"81,594元/平",近地铁 VR房源 房本满五年 
清河福美苑 南北通透 带电梯 高楼层,福美苑,清河,3室1厅 ,89.72, 南 北 , 简装 ,15, 2012年 , 板楼,24, 5个月以前发布,6300000.0,"70,219元/平",近地铁 VR房源 房本满五年 
加气混凝土厂宿舍 南北通透 小区中间位置,加气混凝土厂宿舍,清河,2室1厅 ,57.1, 南 北 , 精装 ,5, 1981年 , 板楼,2, 4个月以前发布,4500000.0,"78,810元/平",VR看装修 房本满五年 
观景园两居室，南北通透，满五年唯一，精装修。,观景园,清河,2室1厅 ,91.44, 南 北 , 精装 ,6, 2011年 , 板楼,109, 一年前发布,8150000.0,"89,130元/平",VR看装修 房本满五年 
加气混凝土厂宿舍满五年唯一房子在小区中间位置有车位,加气混凝土厂宿舍,清河,2室1厅 ,57.8, 西南 , 简装 ,6, 1989年 , 板楼,21, 10个月以前发布,3780000.0,"65,398元/平",近地铁 VR看装修 房本满两年 
小营东路5号院 正南向一居 有电梯 靠谱签约,小营东路5号院,清河,1室1厅 ,42.6, 南 , 简装 ,5, 1985年 , 板楼,77, 一年前发布,3350000.0,"78,639元/平",近地铁 VR看装修 房本满两年 
海淀观景园 奥森旁 南北双通透两居 精装修 满五唯一,观景园,清河,2室1厅 ,90.62, 南 北 , 精装 ,6, 2008年 , 板楼,20, 5个月以前发布,7280000.0,"80,336元/平",VR房源 房本满五年 
621小区 满五唯一 全南向采光充足  正规两居室,621小区,清河,2室1厅 ,58.1, 南 , 精装 ,6, 1990年 , 塔楼,2, 4个月以前发布,5450000.0,"93,804元/平",近地铁 VR看装修 房本满五年 
毛纺厂南小区，精装修，南北通透，两居室，采光充足,毛纺厂南小区,清河,2室1厅 ,60.0, 南 北 , 其他 ,6, 1987年 , 板楼,5, 6个月以前发布,4680000.0,"78,000元/平",近地铁 VR房源 房本满五年 
中间层 通透户型 位置安静稳定签约,毛纺厂西小区,清河,2室1厅 ,57.0, 东 西 , 简装 ,6, 1988年 , 板楼,4, 11个月以前发布,5130000.0,"90,000元/平",近地铁 VR房源 房本满五年 
宝盛里 低楼层明卫三居室满五年唯一商品房,宝盛里,清河,3室1厅 ,86.67, 西南 北 , 简装 ,6, 2001年 , 板楼,15, 11个月以前发布,6550000.0,"75,575元/平",VR房源 房本满五年 
观景园全明格局一居室，附近公园环抱，小区楼龄新,观景园,清河,1室1厅 ,66.79, 东北 , 精装 ,6, 2008年 , 板楼,3, 4个月以前发布,5800000.0,"86,840元/平",VR看装修 房本满两年 
永泰精装两居室  全明格局  满五唯一,北京机械学院家属楼,清河,2室1厅 ,77.2, 西 , 精装 ,9, 1999年 , 板塔结合,45, 5个月以前发布,4780000.0,"61,918元/平",近地铁 VR看装修 房本满五年 
宝盛西里边户中间位置不临街，无遮挡采光好,宝盛里,清河,2室1厅 ,68.77, 南 北 , 简装 ,6, 2001年 , 板楼,52, 6个月以前发布,4800000.0,"69,798元/平",VR看装修 房本满五年 
芳清园小区 商品房 电梯一居室 奥森公园,芳清园,清河,1室1厅 ,77.85, 西 , 其他 ,9, 2007年 , 板楼,8, 7个月以前发布,5970000.0,"76,686元/平",VR看装修 房本满五年 
观澳园 精装两居 视野开阔 采光充足,观澳园,清河,1室1厅 ,76.1, 南 北 , 精装 ,5, 2005年 , 板楼,2, 4个月以前发布,5900000.0,"77,530元/平",VR看装修 房本满五年 
水木天成大两居  高楼层采光好视野开阔  满5年唯一,水木天成,清河,2室2厅 ,106.0, 西南 , 精装 ,26, 2006年 , 板楼,23, 6个月以前发布,7880000.0,"74,340元/平",VR看装修 房本满五年 
宝盛里芳清园精装一居室 看房方便,芳清园,清河,1室1厅 ,78.08, 西 , 精装 ,9, 2007年 , 板楼,4, 7个月以前发布,5950000.0,"76,204元/平",VR看装修 房本满五年 
永泰庄甲6号院 南向两居室 满五唯一 随时签约,永泰庄甲6号院,清河,2室1厅 ,54.8, 南 东 , 简装 ,6, 1986年 , 板楼,14, 5个月以前发布,3290000.0,"60,037元/平",近地铁 VR房源 房本满五年 
海淀清河芳清园两居室满五唯一，位置好安静不临街。,芳清园,清河,2室1厅 ,106.3, 南 北 , 其他 ,8, 2007年 , 板楼,31, 一年前发布,9200000.0,"86,548元/平",VR看装修 房本满五年 
观澳园小区 中间层 不临街 两居室,观澳园,清河,2室1厅 ,85.07, 东北 , 其他 ,5, 2005年 , 板楼,8, 7个月以前发布,7400000.0,"86,988元/平",VR看装修 房本满五年 
西三旗永泰中路23号，双卧朝南，一层采光无遮挡,永泰中路23号,清河,2室2厅 ,108.69, 南 北 , 其他 ,6, 2002年 , 板楼,18, 一年前发布,7600000.0,"69,924元/平",近地铁 VR房源 房本满两年 
清景园 东西通透一居室，精装修，满五年,清景园,清河,1室1厅 ,83.11, 东 西 , 简装 ,27, 2006年 , 板楼,10, 10个月以前发布,5660000.0,"68,103元/平",近地铁 VR看装修 房本满五年 
宝盛里小区 南向一居室 低楼层,宝盛里,清河,1室1厅 ,55.5, 南 , 简装 ,6, 1998年 , 板楼,13, 6个月以前发布,4090000.0,"73,694元/平",VR看装修 房本满五年 
永泰东里，南北两居，南北阳台，满二年，看房方便,永泰东里,清河,2室1厅 ,61.17, 南 北 , 简装 ,6, 1996年 , 板楼,43, 10个月以前发布,3700000.0,"60,488元/平",近地铁 VR看装修 房本满两年 
永泰东里 满五唯一商品房 南北通透 诚意出售 靠谱签约,永泰东里,清河,2室1厅 ,82.6, 南 北 , 简装 ,6, 1996年 , 板楼,52, 一年前发布,5400000.0,"65,376元/平",VR房源 房本满五年 
永泰东里 满五唯一 中间楼层 南北通透 看房方便,永泰东里,清河,2室1厅 ,61.02, 南 北 , 简装 ,6, 1996年 , 板楼,15, 9个月以前发布,4600000.0,"75,386元/平",近地铁 VR看装修 房本满五年 
怡清园 满五唯一商品房 中高楼层 不临马路 靠谱签约,怡清园,清河,2室1厅 ,117.54, 南 , 简装 ,15, 2003年 , 板塔结合,25, 一年前发布,7150000.0,"60,831元/平",近地铁 VR看装修 房本满五年 
永泰东里两居，新风系统南北阳台，婚房精装看房方便,永泰东里,清河,2室1厅 ,60.0, 南 北 , 其他 ,6, 1998年 , 板楼,22, 一年前发布,4680000.0,"78,000元/平",VR看装修 房本满五年 
清河永泰小区东里中间楼层1居朝南,永泰东里,清河,1室1厅 ,47.12, 南 , 毛坯 ,6, 1994年 , 板楼,6, 5个月以前发布,3780000.0,"80,221元/平",近地铁 VR看装修 房本满五年 
海淀清河公交党校宿舍低楼层南北通透精装两居室！！！,公交党校宿舍,清河,2室1厅 ,53.39, 南 北 , 精装 ,5, 1982年 , 板楼,12, 8个月以前发布,4360000.0,"81,664元/平",近地铁 VR看装修 房本满五年 
卫生局宿舍 2室1厅 南 北,卫生局宿舍,清河,2室1厅 ,72.81, 南 北 , 简装 ,6, 2000年 , 板楼,10, 4个月以前发布,5060000.0,"69,496元/平",近地铁 VR看装修 随时看房 
永泰西里，明厅户型，中间楼层，精装修,永泰西里,清河,2室1厅 ,65.4, 南 北 , 精装 ,7, 1995年 , 板楼,59, 一年前发布,5850000.0,"89,450元/平",近地铁 VR看装修 房本满五年 
学府树家园五区 两居室 高楼层 精装修 保养好,橡树湾三期,清河,2室1厅 ,86.66, 西 , 精装 ,16, 2011年 , 板塔结合,8, 7个月以前发布,11330000.0,"130,741元/平",近地铁 VR看装修 房本满五年 
621小区 2室1厅 东北,621小区,清河,2室1厅 ,58.1, 东北 , 其他 ,6, 1990年 , 塔楼,1, 4个月以前发布,5490000.0,"94,493元/平",近地铁 VR看装修 房本满五年 
海淀清河永泰西里精装修南北向两居室,永泰西里,清河,2室1厅 ,58.6, 南 北 , 精装 ,6, 1993年 , 板楼,20, 5个月以前发布,4390000.0,"74,915元/平",近地铁 VR房源 房本满两年 
观景园中间层精装修，全明户型两居室，业主诚意出售,观景园,清河,2室1厅 ,85.75, 东南 , 精装 ,6, 2008年 , 板楼,15, 4个月以前发布,7750000.0,"90,380元/平",VR看装修 房本满五年 
永泰园双地铁小区 高楼层落地窗户 满五年唯一 无抵押,永泰园新地标,清河,2室1厅 ,86.77, 北 , 简装 ,17, 2002年 , 塔楼,73, 5个月以前发布,4990000.0,"57,509元/平",VR房源 房本满五年 
复式三居两卫两厅书房   海淀清河 奥森北 板楼社区,观澳园,清河,3室2厅 ,124.91, 南 北 , 简装 ,7, 2005年 , 板楼,50, 11个月以前发布,8500000.0,"68,049元/平",VR房源 房本满五年 
永泰园 精装修 低楼层两居室 诚心卖,永泰园,清河,2室1厅 ,59.3, 南 , 精装 ,6, 1998年 , 板楼,9, 11个月以前发布,4800000.0,"80,945元/平",近地铁 VR看装修 房本满两年 
永泰园03年小区，板楼，楼道有瓷砖。,永泰园,清河,2室1厅 ,70.91, 西北 , 其他 ,6, 2003年 , 板楼,16, 4个月以前发布,4890000.0,"68,961元/平",近地铁 VR看装修 房本满两年 随时看房 
永泰园满五年唯一住房，中间楼层全明三居，南北通透,永泰园,清河,3室1厅 ,87.72, 南 北 , 简装 ,6, 2000年 , 板楼,38, 一年前发布,6950000.0,"79,230元/平",近地铁 VR房源 房本满五年 
美欣家园三居商品房南北通透满五年唯一地铁小营桥站,美欣家园,清河,3室2厅 ,141.52, 南 北 , 简装 ,15, 2003年 , 板楼,34, 一年前发布,9700000.0,"68,542元/平",近地铁 VR看装修 房本满五年 
清缘东里精装LOFT，电梯直达，可拎包入住,清缘东里,清河,1室1厅 ,34.25, 东 , 精装 ,19, 2003年 , 塔楼,17, 10个月以前发布,4790000.0,"139,855元/平",近地铁 VR房源 房本满两年 
观澳园小区 中间层  南北通透  客厅朝南带阳台,观澳园,清河,2室1厅 ,103.38, 南 北 , 精装 ,7, 2005年 , 板楼,14, 6个月以前发布,8250000.0,"79,803元/平",VR看装修 房本满五年 
莱圳家园三期2012年商品房二居南北向满五年唯一地铁近,莱圳家园,清河,2室1厅 ,79.67, 南 北 , 精装 ,16, 2012年 , 板楼,28, 9个月以前发布,7500000.0,"94,139元/平",近地铁 VR看装修 房本满五年 
毛南小区 明厅格局 精装修 楼龄新,毛纺厂南小区,清河,2室1厅 ,60.0, 南 北 , 其他 ,6, 1994年 , 板楼,11, 10个月以前发布,4570000.0,"76,167元/平",VR看装修 房本满五年 
水木天成  满五年商品房 靠谱签约,水木天成,清河,2室2厅 ,108.74, 东南 , 精装 ,6, 2005年 , 板楼,35, 一年前发布,8100000.0,"74,490元/平",近地铁 VR看装修 房本满五年 
毛纺厂西小区 原始三居更为两居加客厅明窗,毛纺厂西小区,清河,3室1厅 ,59.6, 南 北 , 简装 ,6, 1981年 , 板楼,8, 11个月以前发布,5500000.0,"92,282元/平",VR房源 房本满五年 
加气混凝土厂宿舍 中间楼层 满五唯一商品房 采光好,加气混凝土厂宿舍,清河,2室1厅 ,57.8, 东南 , 简装 ,6, 1989年 , 板楼,9, 一年前发布,4900000.0,"84,776元/平",近地铁 VR看装修 房本满五年 
前屯路57号院 中间层 满五年，毛坯小三居,前屯路57号院,清河,3室0厅 ,56.4, 南 北 , 毛坯 ,6, 1982年 , 板楼,19, 一年前发布,4060000.0,"71,986元/平",近地铁 VR看装修 房本满五年 
小营东路6号院 2室1厅 南 北,小营东路6号院,清河,2室1厅 ,58.6, 南 北 , 精装 ,6, 1993年 , 板楼,17, 4个月以前发布,4600000.0,"78,499元/平",近地铁 VR看装修 房本满五年 
清河  商品房 电梯南北大三居,君安家园东区,清河,3室1厅 ,143.76, 南 北 , 简装 ,19, 2005年 , 塔楼,44, 一年前发布,9900000.0,"68,865元/平",VR看装修 房本满五年 
诚意出售 力度家园 宽敞的一室一厅 满五唯一 视野开阔,力度家园,清河,1室1厅 ,68.65, 东 , 简装 ,21, 2004年 , 板塔结合,5, 9个月以前发布,5390000.0,"78,515元/平",近地铁 VR看装修 房本满五年 
莱圳家园三期，南北通透满五年，地铁西小口站近,莱圳家园,清河,2室1厅 ,79.8, 南 北 , 简装 ,16, 2012年 , 板楼,31, 6个月以前发布,8600000.0,"107,770元/平",近地铁 VR看装修 房本满两年 
621小区  正规两居室  户型方正 诚意出售  随时签约,621小区,清河,2室1厅 ,54.2, 南 , 简装 ,6, 1993年 , 板楼,2, 5个月以前发布,4870000.0,"89,853元/平",近地铁 VR房源 房本满五年 
橡树湾四期精装东西通透二居采光好视野好,橡树湾四期,清河,2室1厅 ,94.94, 东 西 , 精装 ,20, 2013年 , 板楼,10, 9个月以前发布,12850000.0,"135,349元/平",VR看装修 房本满五年 
永泰庄路甲6号院实用型两居室。,永泰庄甲6号院,清河,2室1厅 ,55.3, 东 西 , 简装 ,6, 1991年 , 板楼,14, 5个月以前发布,3750000.0,"67,812元/平",近地铁 VR看装修 房本满五年 
前屯路57号院，眼睛小两居，刚需上车优质房,前屯路57号院,清河,2室1厅 ,50.6, 南 , 简装 ,6, 1982年 , 板楼,17, 一年前发布,3700000.0,"73,123元/平",近地铁 VR看装修 房本满五年 
永泰西里低楼层正规南北两居室精装修,永泰西里,清河,2室1厅 ,58.0, 南 北 , 精装 ,6, 1993年 , 板楼,25, 10个月以前发布,4680000.0,"80,690元/平",近地铁 VR看装修 房本满五年 
前屯路58号院正规两居室 户型方正 看房方便,前屯路58号院,清河,2室1厅 ,59.4, 西北 , 简装 ,5, 1995年 , 板楼,9, 7个月以前发布,4300000.0,"72,391元/平",近地铁 VR房源 房本满五年 
621小区 一层 南北通透 两居室 出行方便,621小区,清河,2室1厅 ,49.9, 南 北 , 简装 ,6, 1993年 , 板楼,2, 4个月以前发布,5200000.0,"104,209元/平",近地铁 VR看装修 房本满五年 
带电梯，南北向，采光很好，视野很好。,金隅美和园,清河,1室1厅 ,47.73, 南 北 , 精装 ,9, 2008年 , 板楼,40, 一年前发布,4480000.0,"93,862元/平",近地铁 VR房源 房本满五年 
毛纺厂南小区 中间楼层，两居室 精装修可拎包入住,毛纺厂南小区,清河,2室1厅 ,47.1, 南 西 北 , 精装 ,6, 1988年 , 板塔结合,54, 9个月以前发布,4080000.0,"86,625元/平",近地铁 VR看装修 房本满两年 
长城润滑油家属楼满五唯一，不临街，小区中间位置,621小区,清河,2室1厅 ,53.6, 南 , 简装 ,6, 1980年 , 板楼,8, 10个月以前发布,5050000.0,"94,217元/平",近地铁 VR看装修 房本满五年 
宝盛北里西区南北通透户型方正明厨明卫,宝盛北里,清河,1室1厅 ,66.93, 南 北 , 简装 ,9, 2002年 , 板楼,11, 10个月以前发布,5000000.0,"74,705元/平",VR看装修 房本满五年 
永泰西里中间层南向一居室靠谱出售,永泰西里,清河,1室1厅 ,46.39, 南 , 简装 ,6, 1996年 , 板楼,16, 一年前发布,4000000.0,"86,226元/平",近地铁 VR房源 房本满两年 
海淀区清河 中间层二居室 南北通透 双地铁 1995年,公交党校宿舍,清河,2室1厅 ,67.81, 南 北 , 精装 ,6, 1991年 , 板楼,9, 7个月以前发布,5800000.0,"85,534元/平",近地铁 VR看装修 房本满五年 
福美苑 3室1厅 南 北,福美苑,清河,3室1厅 ,89.72, 南 北 , 精装 ,15, 2012年 , 板楼,29, 8个月以前发布,6950000.0,"77,464元/平",近地铁 VR看装修 房本满五年 
加气混凝土厂宿舍 实用两居室 满五年 光线好,加气混凝土厂宿舍,清河,2室1厅 ,60.5, 东北 , 精装 ,6, 1989年 , 板楼,11, 一年前发布,4900000.0,"80,992元/平",近地铁 VR看装修 房本满五年 
橡树湾三期 2室1厅 西,橡树湾三期,清河,2室1厅 ,90.25, 西 , 精装 ,18, 2011年 , 板塔结合,4, 5个月以前发布,11500000.0,"127,424元/平",近地铁 VR看装修 房本满两年 
清缘里 电梯直达 两居室 大阳台  满五唯一  看房方便,清缘里中区,清河,2室1厅 ,86.69, 东南 北 , 简装 ,13, 1999年 , 板塔结合,4, 3个月以前发布,6000000.0,"69,213元/平",近地铁 VR看装修 
加气混凝土厂宿舍 东南北通透三居室 三面采光  诚意卖,加气混凝土厂宿舍,清河,3室1厅 ,60.0, 东 南 北 , 简装 ,5, 1981年 , 板楼,4, 9个月以前发布,4890000.0,"81,500元/平",VR看装修 房本满两年 
美和园东区 满五年唯一两居室  南向采光充足,金隅美和园东区,清河,2室1厅 ,80.53, 南 , 简装 ,6, 2009年 , 板楼,47, 一年前发布,6290000.0,"78,108元/平",近地铁 VR看装修 房本满五年 
观景园小区 满五唯一 东西通透 采光充足 位置优良,观景园,清河,2室1厅 ,94.79, 东 西 , 精装 ,6, 2011年 , 板楼,12, 一年前发布,7850000.0,"82,815元/平",VR看装修 房本满五年 
清河永泰西里 满五唯一 中间层 客厅朝南 装修好 诚售,永泰西里,清河,2室1厅 ,65.1, 南 北 , 其他 ,7, 1995年 , 板楼,12, 7个月以前发布,5420000.0,"83,257元/平",近地铁 VR看装修 房本满五年 
清河永泰西里 中间层 满五年唯一商品房 采光好 有钥匙,永泰西里,清河,2室1厅 ,63.6, 南 , 其他 ,7, 1995年 , 板楼,5, 7个月以前发布,4750000.0,"74,686元/平",近地铁 VR看装修 房本满两年 
清河 永泰东里 正规明厅两居  南北通透 南向双阳台,永泰东里,清河,2室1厅 ,64.61, 南 北 , 其他 ,6, 1996年 , 板楼,19, 7个月以前发布,5100000.0,"78,936元/平",VR看装修 房本满五年 
永泰东里 满五年唯一 南北通透优质两居 诚意出售,永泰东里,清河,2室1厅 ,59.47, 南 北 , 简装 ,6, 1994年 , 板楼,16, 一年前发布,5160000.0,"86,767元/平",近地铁 VR看装修 房本满五年 
清缘里中区南北通透两居室，欢迎来访,清缘里中区,清河,2室1厅 ,71.56, 南 北 , 精装 ,10, 1998年 , 板楼,33, 10个月以前发布,5530000.0,"77,278元/平",VR房源 房本满五年 
清河永泰东里正规精装两居室，满五唯一商品房，近地铁,永泰东里,清河,2室1厅 ,60.09, 南 北 , 精装 ,6, 1997年 , 板楼,15, 11个月以前发布,4890000.0,"81,378元/平",近地铁 VR看装修 房本满五年 
永泰东里南北通透低楼层精装修两居室,永泰东里,清河,2室1厅 ,59.3, 南 北 , 其他 ,6, 1994年 , 板楼,16, 9个月以前发布,4600000.0,"77,572元/平",近地铁 VR看装修 房本满五年 
永泰西里经典户型，南北通透，靠谱卖,永泰西里,清河,2室1厅 ,57.34, 南 北 , 简装 ,6, 1995年 , 板楼,17, 一年前发布,4600000.0,"80,224元/平",VR看装修 房本满两年 
宝盛北里 满五唯一 全明格局 南北通透 中间层,宝盛北里,清河,1室1厅 ,62.53, 南 北 , 精装 ,6, 2003年 , 板楼,6, 10个月以前发布,5100000.0,"81,561元/平",VR看装修 房本满五年 
总监力荐清河永泰西里南北向明厅两居室采光好格局方正,永泰西里,清河,2室1厅 ,73.21, 南 北 , 其他 ,6, 1998年 , 板楼,10, 4个月以前发布,5500000.0,"75,127元/平",近地铁 VR看装修 房本满五年 
橡树湾四期 精装 通透户型 满五唯一随时看,橡树湾四期,清河,2室1厅 ,106.41, 东 西 , 精装 ,18, 2013年 , 板塔结合,2, 7个月以前发布,14570000.0,"136,924元/平",VR看装修 房本满五年 
清河永泰西里 东西通透 满五唯一 低楼层 近地铁 诚售,永泰西里,清河,2室1厅 ,57.79, 东 西 , 其他 ,6, 1998年 , 板楼,2, 11个月以前发布,4690000.0,"81,156元/平",近地铁 VR看装修 房本满五年 
永泰园 大一居  有电梯 靠谱签约,永泰园新地标,清河,2室1厅 ,86.77, 北 , 简装 ,17, 2002年 , 塔楼,40, 一年前发布,5690000.0,"65,576元/平",VR看装修 房本满两年 
【店长推荐】急售！永泰西里  南北通透 三居室 双地铁,永泰西里,清河,3室1厅 ,69.76, 南 北 , 精装 ,6, 1998年 , 板楼,11, 5个月以前发布,5450000.0,"78,125元/平",近地铁 VR看装修 房本满两年 
美和园西区，明厨明卫，满五唯一，中间楼层，采光充足,金隅美和园,清河,3室1厅 ,84.47, 东 南 西 , 精装 ,9, 2008年 , 板楼,87, 11个月以前发布,6990000.0,"82,752元/平",近地铁 VR看装修 房本满五年 
宝盛里中高层，满五年唯一，南北朝向，精装修两居室,宝盛里,清河,2室1厅 ,70.19, 南 北 , 精装 ,6, 2001年 , 板楼,39, 6个月以前发布,5050000.0,"71,948元/平",VR看装修 房本满五年 
清缘里中区 南北通透双卫三居室 业主诚心出售,清缘里中区,清河,3室2厅 ,111.47, 南 北 , 精装 ,10, 1998年 , 板楼,17, 3个月以前发布,7480000.0,"67,104元/平",VR看装修 房本满五年 
清缘东里，临河观景，前后花园，三居两卫,清缘东里,清河,3室2厅 ,111.97, 南 北 , 精装 ,13, 2005年 , 板楼,40, 6个月以前发布,9950000.0,"88,864元/平",VR看装修 房本满五年 
清缘里 双通透两居 不临街  安静不吵 采光充足 诚心卖,清缘里中区,清河,2室1厅 ,69.7, 东 西 , 简装 ,7, 1999年 , 板楼,37, 8个月以前发布,4550000.0,"65,280元/平",近地铁 VR看装修 房本满五年 
橡树湾二期 高层 东西通透两居室 满五唯一 只有契税,橡树湾二期,清河,2室1厅 ,80.78, 东 西 , 精装 ,11, 2009年 , 板塔结合,23, 8个月以前发布,9900000.0,"122,556元/平",近地铁 VR看装修 房本满五年 
小区中间位置 中间楼层 精装修 满五年唯一3居室采光好,世华龙樾一期西区,清河,3室1厅 ,87.07, 南 北 , 精装 ,17, 2014年 , 板塔结合,42, 4个月以前发布,8750000.0,"100,494元/平",近地铁 VR看装修 房本满五年 
邮局家属楼 2室1厅 南 北,邮局家属楼,清河,2室1厅 ,67.7, 南 北 , 简装 ,6, 1986年 , 板楼,7, 5个月以前发布,4330000.0,"63,959元/平",近地铁 VR看装修 房本满五年 
毛纺厂西小区 全明格局 通透两居 视野好 自住保持好,毛纺厂西小区,清河,2室1厅 ,59.7, 东 西 , 简装 ,6, 1988年 , 板楼,21, 5个月以前发布,4090000.0,"68,510元/平",近地铁 VR看装修 房本满五年 
海淀清河宝盛北里南向精装不把边不临街,宝盛北里,清河,1室1厅 ,62.52, 南 , 精装 ,6, 2004年 , 板楼,12, 4个月以前发布,4500000.0,"71,977元/平",VR房源 房本满五年 
毛西三居，南北向，小区中间位置，中间楼层，看房方便,毛纺厂西小区,清河,3室1厅 ,67.2, 南 北 , 精装 ,6, 1986年 , 板楼,5, 6个月以前发布,7000000.0,"104,167元/平",VR看装修 房本满两年 
毛西三居室，2层，去年精装，可拎包入住。不临街安静,毛纺厂西小区,清河,3室1厅 ,66.5, 南 北 , 精装 ,6, 1986年 , 板楼,1, 5个月以前发布,6700000.0,"100,752元/平",VR房源 房本满两年 
永泰园满五唯一，30万精装修，产权清晰，价格能谈,永泰园,清河,2室1厅 ,61.4, 南 , 精装 ,6, 1996年 , 板楼,59, 6个月以前发布,4250000.0,"69,219元/平",近地铁 VR看装修 房本满五年 
新上 f橡府急售  三居室 位置好 高层视野 前后花园,橡树湾五期,清河,3室2厅 ,146.12, 南 北 , 其他 ,12, 2018年 , 板楼,26, 5个月以前发布,20500000.0,"140,296元/平",近地铁 VR房源 房本满五年 
前屯路57号院满五年，南北通透两居,前屯路57号院,清河,2室1厅 ,57.2, 南 北 , 简装 ,6, 1982年 , 板楼,7, 5个月以前发布,3870000.0,"67,658元/平",近地铁 VR看装修 房本满五年 
永泰园精装通透满五唯一两居室，看房方便，随时签约,永泰园,清河,2室1厅 ,62.69, 东 西 , 精装 ,6, 1998年 , 板楼,23, 5个月以前发布,4190000.0,"66,837元/平",近地铁 VR看装修 房本满五年 
橡树湾二期 双通透三居两卫 中间楼层 业主诚意出售,橡树湾二期,清河,3室1厅 ,143.8, 南 北 , 精装 ,15, 2009年 , 板塔结合,39, 7个月以前发布,18800000.0,"130,738元/平",近地铁 VR房源 房本满五年 
清河正规一居室，带电梯，采暖好，2005年小区，精装修,高巢,清河,1室1厅 ,41.01, 北 , 精装 ,15, 2005年 , 板塔结合,5, 5个月以前发布,3050000.0,"74,373元/平",近地铁 VR看装修 房本满五年 
清缘里中区 南北通透双卫三居室 业主诚心出售,清缘里中区,清河,3室2厅 ,111.47, 南 北 , 精装 ,10, 1998年 , 板楼,17, 3个月以前发布,7480000.0,"67,104元/平",VR看装修 房本满五年 
清缘东里，临河观景，前后花园，三居两卫,清缘东里,清河,3室2厅 ,111.97, 南 北 , 精装 ,13, 2005年 , 板楼,40, 6个月以前发布,9950000.0,"88,864元/平",VR看装修 房本满五年 
小区中间位置 中间楼层 精装修 满五年唯一3居室采光好,世华龙樾一期西区,清河,3室1厅 ,87.07, 南 北 , 精装 ,17, 2014年 , 板塔结合,42, 4个月以前发布,8750000.0,"100,494元/平",近地铁 VR看装修 房本满五年 
毛纺厂西小区 全明格局 通透两居 视野好 自住保持好,毛纺厂西小区,清河,2室1厅 ,59.7, 东 西 , 简装 ,6, 1988年 , 板楼,21, 5个月以前发布,4090000.0,"68,510元/平",近地铁 VR看装修 房本满五年 
清河正规一居室，带电梯，采暖好，2005年小区，精装修,高巢,清河,1室1厅 ,41.01, 北 , 精装 ,15, 2005年 , 板塔结合,5, 5个月以前发布,3050000.0,"74,373元/平",近地铁 VR看装修 房本满五年 
清河，永泰园，明厅两居室，电梯直达，双地铁,永泰园新地标,清河,2室1厅 ,93.73, 西南 , 精装 ,31, 2002年 , 塔楼,27, 5个月以前发布,6400000.0,"68,282元/平",近地铁 VR看装修 房本满五年 
清缘里 满两年可多贷款 首付压力少 电梯直达进出方便,清缘里中区,清河,2室1厅 ,83.85, 东南 , 简装 ,13, 1999年 , 板塔结合,31, 4个月以前发布,5100000.0,"60,823元/平",近地铁 VR房源 房本满两年 
清景园精装两居室  南向带电梯 商品房小区中间位置,清景园,清河,2室1厅 ,98.24, 南 , 精装 ,13, 2007年 , 板塔结合,47, 10个月以前发布,7360000.0,"74,919元/平",近地铁 VR看装修 房本满两年 
美和园 双卧客厅朝南，采光好，沐浴阳光，户型方正,金隅美和园,清河,2室1厅 ,82.28, 南 , 精装 ,9, 2009年 , 板楼,20, 5个月以前发布,7050000.0,"85,684元/平",近地铁 VR看装修 房本满两年 
金隅美和园 2室1厅 南,金隅美和园,清河,2室1厅 ,63.97, 南 , 简装 ,9, 2008年 , 板楼,24, 6个月以前发布,5590000.0,"87,385元/平",近地铁 VR房源 房本满五年 
加气混凝土厂宿舍 满五年唯一 无遮挡 采光好,加气混凝土厂宿舍,清河,2室1厅 ,60.7, 南 , 精装 ,6, 1989年 , 板楼,6, 5个月以前发布,4280000.0,"70,511元/平",近地铁 VR看装修 房本满五年 
观澳园 精装两居 临河观景 视野开阔 中间层,观澳园,清河,2室1厅 ,98.04, 南 北 , 精装 ,5, 2005年 , 板楼,21, 一年前发布,7450000.0,"75,990元/平",VR看装修 房本满五年 
芳清园电梯大一居室，07年新小区,芳清园,清河,1室1厅 ,71.38, 西 , 精装 ,9, 2007年 , 板楼,18, 9个月以前发布,4300000.0,"60,241元/平",VR看装修 房本满两年 
海淀清河永泰东里南北二居三层首套可贷款295万,永泰东里,清河,2室1厅 ,57.51, 南 北 , 简装 ,6, 1996年 , 板楼,23, 一年前发布,4750000.0,"82,595元/平",近地铁 VR看装修 房本满两年 
加气混凝土厂宿舍精装修两居，南向采光好，位置安静。,加气混凝土厂宿舍,清河,2室1厅 ,60.7, 南 , 精装 ,6, 1989年 , 板楼,14, 7个月以前发布,3900000.0,"64,251元/平",近地铁 VR看装修 房本满五年 
世华龙樾一期西区 南向 一居室 电梯房,世华龙樾一期西区,清河,1室1厅 ,52.33, 南 , 简装 ,18, 2014年 , 板楼,21, 一年前发布,5380000.0,"102,810元/平",VR看装修 房本满两年 
信息学院家属楼 正规两居室 高楼层 精装修,信息学院家属楼,清河,2室1厅 ,56.6, 南 北 , 精装 ,5, 1978年 , 板楼,17, 9个月以前发布,4050000.0,"71,555元/平",近地铁 VR看装修 房本满五年 
小营东路6号院 2室1厅 南 北,小营东路6号院,清河,2室1厅 ,56.3, 南 北 , 简装 ,5, 1987年 , 板楼,7, 6个月以前发布,4050000.0,"71,937元/平",近地铁 VR看装修 房本满五年 
橡树湾二期 南向一居室 中间楼层 无遮挡采光好,橡树湾二期,清河,1室0厅 ,53.31, 南 , 简装 ,11, 2009年 , 板塔结合,3, 9个月以前发布,6900000.0,"129,432元/平",近地铁 VR看装修 房本满两年 
满五年唯一，全南精装修一居室，有钥匙随时看，电梯房,福美苑,清河,1室1厅 ,52.07, 南 , 其他 ,21, 2012年 , 板楼,41, 一年前发布,4300000.0,"82,582元/平",近地铁 VR看装修 房本满五年 
宝盛里 东西向一居室  低楼层  小区中间位置,宝盛里,清河,1室1厅 ,57.24, 东 西 , 简装 ,5, 2000年 , 板楼,3, 6个月以前发布,4000000.0,"69,882元/平",VR看装修 房本满五年 
宝盛里 满五唯一 南向一居 靠谱签约,宝盛里,清河,1室1厅 ,53.09, 南 , 简装 ,6, 2001年 , 板楼,6, 10个月以前发布,3990000.0,"75,156元/平",VR房源 房本满五年 
美和园 南向正规一居室 无遮挡 采光好 看房方便,金隅美和园,清河,1室1厅 ,64.54, 南 , 简装 ,9, 2008年 , 板楼,14, 11个月以前发布,5300000.0,"82,120元/平",近地铁 VR房源 房本满五年 
金隅美和园 满五年 带电梯 诚心出售 看房方便,金隅美和园,清河,2室1厅 ,82.01, 南 , 简装 ,9, 2009年 , 板楼,20, 5个月以前发布,7090000.0,"86,453元/平",近地铁 VR房源 房本满五年 
强佑清河新城府学上院纯南向小两居,强佑清河新城府学上院,清河,2室1厅 ,61.94, 南 , 其他 ,15, 2015年 , 板塔结合,152, 10个月以前发布,4680000.0,"75,557元/平",VR房源 房本满两年 
燕清源南向一居采光好无遮挡带电梯,燕清源,清河,1室0厅 ,42.08, 南 , 简装 ,28, 2005年 , 板塔结合,10, 5个月以前发布,3900000.0,"92,681元/平",VR看装修 房本满五年 
清缘东里 1室0厅 西 北,清缘东里,清河,1室0厅 ,33.87, 西 北 , 其他 ,13, 2005年 , 板楼,10, 5个月以前发布,3200000.0,"94,479元/平",VR看装修 房本满两年 
海清园，正规一室一厅，户型方正，带电梯,海清园,清河,1室1厅 ,58.4, 西 北 , 其他 ,18, 2001年 , 塔楼,3, 6个月以前发布,4250000.0,"72,774元/平",近地铁 VR看装修 房本满两年 
满五唯一 南向两居 随时签约 可以看房,毛纺厂南小区,清河,2室0厅 ,50.9, 南 , 简装 ,5, 1975年 , 板楼,79, 11个月以前发布,3900000.0,"76,621元/平",近地铁 VR房源 房本满五年 
正规三居，板楼，采光好，视野好，集中供暖，有公园。,金隅美和园东区,清河,3室1厅 ,87.93, 南 北 , 简装 ,6, 2010年 , 板楼,450, 一年前发布,6600000.0,"75,060元/平",近地铁 VR看装修 房本满五年 
永泰园南区等同于满5年唯一，精装2居室，南北通透,永泰园,清河,2室1厅 ,49.4, 南 北 , 精装 ,6, 1997年 , 板楼,178, 一年前发布,4220000.0,"85,426元/平",近地铁 VR看装修 房本满五年 
清河五彩城正规两居室中间楼层诚心出售,毛纺厂南小区,清河,2室1厅 ,50.3, 南 , 精装 ,5, 1979年 , 板楼,186, 一年前发布,3700000.0,"73,559元/平",近地铁 VR看装修 房本满五年 
永泰西里中间层婚房装修南向一居室,永泰西里,清河,1室1厅 ,46.21, 南 , 精装 ,6, 1998年 , 板楼,10, 6个月以前发布,3890000.0,"84,181元/平",近地铁 VR看装修 房本满两年 
高巢 电梯直达 高楼层 视野开阔,高巢,清河,1室0厅 ,52.72, 西南 , 精装 ,15, 2005年 , 板塔结合,1, 4个月以前发布,4300000.0,"81,563元/平",近地铁 VR看装修 房本满五年 
观景园一居室，满五年唯一，精装修，视野开阔,观景园,清河,1室1厅 ,64.9, 东 , 精装 ,6, 2011年 , 板楼,107, 一年前发布,5500000.0,"84,746元/平",VR看装修 房本满五年 
永泰东里精装修三居室诚心出售价格可谈,永泰东里,清河,3室1厅 ,79.8, 南 北 , 其他 ,6, 1996年 , 板楼,13, 4个月以前发布,5500000.0,"68,923元/平",近地铁 VR看装修 房本满两年 
合景映月台 南北通透精致三居室 直观花园,合景映月台,清河,3室2厅 ,97.37, 南 北 , 精装 ,8, 2016年 , 板楼,65, 一年前发布,13560000.0,"139,263元/平",VR看装修 房本满五年 
宝盛西里 满五年唯一  全明格局  看房方便 随时签约,宝盛里,清河,3室1厅 ,91.9, 东 南 北 , 简装 ,6, 1998年 , 板楼,42, 5个月以前发布,6980000.0,"75,953元/平",VR看装修 房本满五年 
南北通透精装修中间层明厅两居室带储藏间,永泰东里,清河,2室1厅 ,80.15, 南 北 , 精装 ,6, 1995年 , 板楼,35, 一年前发布,6360000.0,"79,352元/平",近地铁 VR看装修 房本满五年 
清河，清缘东里，正规两居室，满五年，诚售。,清缘东里,清河,2室1厅 ,80.38, 西南 , 精装 ,19, 2003年 , 塔楼,44, 一年前发布,6700000.0,"83,355元/平",近地铁 VR看装修 房本满五年 
清缘东里新上临河观景南北两居室，公摊小，业主靠谱,清缘东里,清河,2室1厅 ,64.85, 南 北 , 简装 ,5, 2003年 , 板楼,17, 5个月以前发布,5700000.0,"87,896元/平",VR房源 房本满五年 
燕清园东南向两居，满五唯一，精装修高层8号楼价能谈,燕清源,清河,2室1厅 ,104.37, 东 南 北 , 精装 ,28, 2005年 , 板塔结合,8, 11个月以前发布,8980000.0,"86,041元/平",VR房源 房本满五年 
清缘东里 临河观景 满五唯一 餐客分离 正规3居,清缘东里,清河,3室2厅 ,106.59, 南 北 , 精装 ,5, 2003年 , 板楼,51, 5个月以前发布,9400000.0,"88,189元/平",VR看装修 房本满五年 
橡树湾四期南向三居室+高楼层+好视野,橡树湾四期,清河,3室2厅 ,139.26, 南 , 精装 ,25, 2014年 , 板塔结合,14, 4个月以前发布,18500000.0,"132,846元/平",VR看装修 房本满五年 
海淀清河 近奥森 中低楼层 中间位置 精装修 大两居,宝盛北里,清河,2室1厅 ,101.57, 南 北 , 简装 ,6, 2004年 , 板楼,13, 6个月以前发布,6800000.0,"66,949元/平",VR看装修 房本满五年 
福美苑 南向两居室 中间层 精装修 商品房,福美苑,清河,2室1厅 ,83.3, 南 , 精装 ,21, 2012年 , 板楼,77, 7个月以前发布,6550000.0,"78,632元/平",近地铁 VR房源 房本满两年 
清河 福美苑小区 南北通透两居室 中间楼层 精装修,福美苑,清河,3室1厅 ,89.53, 南 北 , 精装 ,16, 2012年 , 板楼,48, 4个月以前发布,5980000.0,"66,794元/平",近地铁 VR看装修 房本满五年 
全南采光充足 不易被调 小区里的新楼,621小区,清河,2室1厅 ,58.1, 南 , 其他 ,6, 1989年 , 塔楼,3, 5个月以前发布,5200000.0,"89,501元/平",近地铁 VR看装修 房本满五年 
美和园东区两居，户型方正，明厨明卫，诚意出售,金隅美和园东区,清河,2室1厅 ,72.62, 东南 西北 , 简装 ,6, 2008年 , 板楼,32, 一年前发布,6160000.0,"84,826元/平",近地铁 VR看装修 房本满五年 
强佑清河新城府学上院精装修大两居，落地飘窗，视野好,强佑清河新城府学上院,清河,2室1厅 ,92.4, 东北 , 精装 ,22, 2009年 , 板塔结合,14, 10个月以前发布,8100000.0,"87,663元/平",近地铁 VR看装修 房本满五年 
金隅美和园 满五唯一商品房 南向正规一居室,金隅美和园,清河,1室1厅 ,64.45, 南 , 精装 ,9, 2008年 , 板楼,42, 8个月以前发布,5370000.0,"83,321元/平",VR看装修 房本满五年 
海淀清河 双地铁 南向一居 中间层 此房户型已做两居,信息学院家属楼,清河,2室1厅 ,40.8, 南 , 精装 ,6, 1986年 , 板楼,48, 4个月以前发布,2890000.0,"70,834元/平",近地铁 VR看装修 房本满五年 
精装两居，明厨明卫，视野开阔无遮挡,水木天成,清河,2室1厅 ,88.69, 东北 , 精装 ,28, 2005年 , 塔楼,31, 5个月以前发布,6250000.0,"70,471元/平",近地铁 VR看装修 房本满五年 
莱圳家园 1室1厅 西,莱圳家园,清河,1室1厅 ,70.51, 西 , 简装 ,16, 2012年 , 板楼,20, 9个月以前发布,6230000.0,"88,357元/平",近地铁 VR看装修 房本满五年 
观景园一居室，满五年唯一，精装修，视野开阔,观景园,清河,1室1厅 ,64.9, 东 , 精装 ,6, 2011年 , 板楼,107, 一年前发布,5500000.0,"84,746元/平",VR看装修 房本满五年 
高巢 电梯直达 高楼层 视野开阔,高巢,清河,1室0厅 ,52.72, 西南 , 精装 ,15, 2005年 , 板塔结合,1, 4个月以前发布,4300000.0,"81,563元/平",近地铁 VR看装修 房本满五年 
正规三居，板楼，采光好，视野好，集中供暖，有公园。,金隅美和园东区,清河,3室1厅 ,87.93, 南 北 , 简装 ,6, 2010年 , 板楼,450, 一年前发布,6600000.0,"75,060元/平",近地铁 VR看装修 房本满五年 
清河永泰西里 满二年 中间层 位置好 采光充足 自住中,永泰西里,清河,1室1厅 ,46.39, 南 , 简装 ,6, 1996年 , 板楼,5, 5个月以前发布,3800000.0,"81,915元/平",近地铁 VR房源 房本满两年 
奥森北 海淀清河观景园  低密度板楼社区 精装修一居室,观景园,清河,1室1厅 ,66.79, 西北 , 精装 ,6, 2008年 , 板楼,7, 一年前发布,5800000.0,"86,840元/平",VR看装修 房本满五年 
宝盛里芳清园，精装修正规一居室，电梯房，户型方正,芳清园,清河,1室1厅 ,78.08, 西 , 其他 ,9, 2007年 , 板楼,75, 一年前发布,6150000.0,"78,766元/平",VR看装修 房本满两年 
橡林郡精装修高楼层开间，视野好，采光好,橡林郡,清河,1室0厅 ,47.0, 西 , 精装 ,21, 2020年 , 板楼,10, 一年前发布,5100000.0,"108,511元/平",近地铁 VR看装修 房本满两年 
金隅美和园 小区中间位置 正南向 采光好 诚意出售,金隅美和园,清河,1室1厅 ,58.94, 南 , 精装 ,9, 2008年 , 板楼,24, 5个月以前发布,5190000.0,"88,056元/平",近地铁 VR看装修 房本满五年 随时看房 
清河五彩城旁，南北通透正规一居室，高楼层采光好。,花园楼,清河,1室1厅 ,45.1, 南 北 , 简装 ,6, 1980年 , 板楼,8, 9个月以前发布,3650000.0,"80,932元/平",VR看装修 房本满五年 
永泰东里 南向 中间层一居 诚心出售,永泰东里,清河,1室1厅 ,46.81, 南 , 精装 ,6, 1998年 , 板楼,16, 5个月以前发布,3730000.0,"79,684元/平",近地铁 VR看装修 房本满两年 
世华龙樾一期西区 满五唯一 全南向 近地铁 国企开发商,世华龙樾一期西区,清河,1室1厅 ,52.21, 南 , 简装 ,18, 2014年 , 板楼,6, 6个月以前发布,5050000.0,"96,725元/平",VR看装修 房本满五年 
上地 清河 五彩城 621小区两居室精装房,621小区,清河,2室1厅 ,43.0, 南 , 精装 ,5, 1991年 , 板楼,7, 4个月以前发布,4350000.0,"101,163元/平",近地铁 VR看装修 房本满两年 
海淀清河观澳园 主力格局 产权清晰简单 稳定签约,观澳园,清河,1室0厅 ,41.2, 东 , 精装 ,6, 2006年 , 板楼,58, 一年前发布,3590000.0,"87,136元/平",近地铁 VR看装修 房本满两年 
清河永泰东里一居室，满五年家庭名下唯一住房，,永泰东里,清河,1室1厅 ,47.62, 东 , 简装 ,6, 1997年 , 板楼,5, 8个月以前发布,3850000.0,"80,849元/平",近地铁 VR看装修 房本满五年 
永泰园2003年房子，满五年唯一住房，中间楼层,永泰园,清河,2室1厅 ,85.29, 南 北 , 精装 ,6, 2002年 , 板楼,73, 一年前发布,7250000.0,"85,005元/平",近地铁 VR看装修 房本满五年 
永泰东里 满五年唯一 南向 产权清晰 随时出售,永泰东里,清河,1室1厅 ,48.1, 南 , 其他 ,6, 1994年 , 板楼,9, 9个月以前发布,3500000.0,"72,766元/平",近地铁 VR看装修 房本满五年 
通透户型，，配套齐全生活便利 诚意出售,毛纺厂西小区,清河,2室1厅 ,57.0, 东 西 , 简装 ,6, 1988年 , 板楼,3, 一年前发布,4650000.0,"81,579元/平",近地铁 VR房源 房本满五年 
海清园，商品房社区，正规一居室，户型方正，近地铁,海清园,清河,1室1厅 ,52.23, 东 北 , 精装 ,18, 2001年 , 塔楼,9, 5个月以前发布,3750000.0,"71,798元/平",近地铁 VR看装修 房本满五年 
永泰东里 南向  低楼层 一居室,永泰东里,清河,1室1厅 ,44.68, 南 , 简装 ,6, 1996年 , 板楼,8, 6个月以前发布,3500000.0,"78,335元/平",近地铁 VR看装修 房本满两年 
学府树家园五区  南北通透三居室  全明格局 带储物间,橡树湾三期,清河,3室2厅 ,156.22, 南 北 , 精装 ,18, 2011年 , 板塔结合,41, 一年前发布,19980000.0,"127,897元/平",VR看装修 随时看房 
橡树湾二期   花园洋房  南北通透  前后花园 位置安静,橡树湾二期,清河,4室2厅 ,210.34, 南 北 , 精装 ,9, 2008年 , 板楼,14, 7个月以前发布,28000000.0,"133,118元/平",近地铁 VR房源 
橡树湾四期   精装修   户型方正  视野开阔  诚意出售,橡树湾四期,清河,3室2厅 ,179.23, 南 北 , 其他 ,25, 2014年 , 板塔结合,7, 一年前发布,24800000.0,"138,370元/平",VR看装修 
橡林郡下跃四居室精装修，使用面积145平，位置安静,橡林郡,清河,4室2厅 ,72.65, 南 , 精装 ,18, 2020年 , 板塔结合,16, 5个月以前发布,12300000.0,"169,305元/平",近地铁 VR房源 
强佑清河新城府学上院南北通透户型方正，精装修,强佑清河新城府学上院,清河,4室2厅 ,181.9, 南 北 , 精装 ,29, 2021年 , 板塔结合,11, 5个月以前发布,15500000.0,"85,212元/平",VR看装修 随时看房 
满五唯一商品房  东南北三面采光 明厨明卫 诚意出售,金隅美和园,清河,1室1厅 ,48.53, 东 南 北 , 简装 ,9, 2009年 , 板楼,17, 一年前发布,4600000.0,"94,787元/平",近地铁 VR看装修 房本满两年 
冶金家属楼 明厅  永泰庄ditie旁边，满五唯一,后屯路32号院,清河,2室1厅 ,58.2, 南 北 , 精装 ,6, 1996年 , 板楼,14, 9个月以前发布,4890000.0,"84,021元/平",近地铁 VR房源 房本满五年 
海清园 带电梯2001年商品房 满五年唯一 配套齐全,海清园,清河,1室1厅 ,58.4, 东北 , 简装 ,18, 2001年 , 塔楼,7, 6个月以前发布,4280000.0,"73,288元/平",近地铁 VR房源 房本满五年 
三居室  满足需求  出行方便,毛纺厂西小区,清河,3室1厅 ,85.2, 南 北 , 简装 ,4, 1958年 , 板楼,89, 一年前发布,7000000.0,"82,160元/平",近地铁 VR看装修 房本满五年 
橡林郡 1室1厅 西南,橡林郡,清河,1室1厅 ,59.79, 西南 , 精装 ,21, 2020年 , 板楼,86, 一年前发布,7190000.0,"120,255元/平",近地铁 VR看装修 房本满两年 
强佑清河新城府学上院正规一室一厅,强佑清河新城府学上院,清河,1室1厅 ,60.39, 东 , 精装 ,27, 2009年 , 板塔结合,24, 6个月以前发布,4750000.0,"78,656元/平",近地铁 VR看装修 房本满两年 
高巢，电梯直达，纯南向，纯平层，精装修,高巢,清河,1室1厅 ,45.51, 南 , 精装 ,15, 2005年 , 板塔结合,15, 10个月以前发布,3500000.0,"76,907元/平",近地铁 VR看装修 房本满两年 
加气混凝土厂宿舍 满五年唯一商品房,加气混凝土厂宿舍,清河,3室1厅 ,79.1, 南 北 , 简装 ,5, 1979年 , 板楼,5, 6个月以前发布,6450000.0,"81,543元/平",近地铁 VR房源 房本满五年 
清河文苑优质户型方正房源诚意出售,清河文苑,清河,1室1厅 ,63.61, 东北 , 简装 ,22, 2004年 , 塔楼,100, 一年前发布,5150000.0,"80,963元/平",近地铁 VR房源 房本满五年 
金隅美和园 东西向正规一居室  全明格局,金隅美和园,清河,1室1厅 ,60.91, 东 西 , 精装 ,9, 2008年 , 板楼,19, 5个月以前发布,5000000.0,"82,089元/平",VR房源 房本满五年 
长城润滑油家属楼两居室业主诚意出售,621小区,清河,2室1厅 ,41.5, 南 北 , 毛坯 ,6, 1979年 , 板楼,28, 一年前发布,4300000.0,"103,615元/平",近地铁 VR看装修 房本满五年 
加气混凝土厂宿舍 南北向 小区中间位置,加气混凝土厂宿舍,清河,2室1厅 ,57.1, 南 北 , 简装 ,5, 1981年 , 板楼,0, 6个月以前发布,4700000.0,"82,312元/平",VR房源 房本满五年 
精装修高楼层开间 采光视野无遮挡 满五唯一商品房,力度家园,清河,1室0厅 ,52.18, 东北 , 精装 ,21, 2004年 , 板塔结合,22, 一年前发布,4580000.0,"87,774元/平",VR看装修 房本满两年 
世华龙樾一期西区 南向 一居室 电梯房,世华龙樾一期西区,清河,1室1厅 ,52.33, 南 , 简装 ,18, 2014年 , 板楼,21, 一年前发布,5380000.0,"102,810元/平",VR看装修 房本满两年 
怡清园 3室3厅 南 北,怡清园,清河,3室3厅 ,148.19, 南 北 , 简装 ,6, 2003年 , 板楼,2, 2个月以前发布,9100000.0,"61,408元/平",近地铁 VR房源 房本满五年 
"宝盛里观澳园,明厨明卫，前后不临街，稳定签约",观澳园,清河,1室1厅 ,71.04, 南 北 , 简装 ,7, 2005年 , 板楼,3, 2个月以前发布,5700000.0,"80,237元/平",VR看装修 房本满五年 随时看房 
世华，户型好高板电梯房，全南电梯一居，适合贷款,世华龙樾一期西区,清河,1室1厅 ,52.29, 南 , 简装 ,18, 2014年 , 板塔结合,0,18,5350000.0,"102,315元/平",VR看装修 房本满两年 
莱圳家园 2室2厅 东 西,莱圳家园,清河,2室2厅 ,93.78, 东 西 , 简装 ,17, 2012年 , 板楼,7, 2个月以前发布,8350000.0,"89,039元/平",近地铁 VR房源 房本满五年 随时看房 
学府树家园五区 中间楼层 正对花园 位置安静 视野好,橡树湾三期,清河,2室1厅 ,87.18, 西 , 精装 ,16, 2011年 , 板塔结合,2, 1个月以前发布,10900000.0,"125,029元/平",近地铁 VR房源 房本满五年 
橡树湾三期  位置安静 诚意出售 通透两居 户型方正,橡树湾三期,清河,2室1厅 ,108.55, 东 西 , 其他 ,16, 2011年 , 板塔结合,3,13,11990000.0,"110,457元/平",近地铁 VR房源 房本满五年 
四期高层三居 精装修 南北朝向 无遮挡,橡树湾四期,清河,3室2厅 ,160.07, 南 北 , 精装 ,25, 2014年 , 板塔结合,7, 1个月以前发布,22000000.0,"137,440元/平",VR房源 
海淀阳光南里小区 南北通透两居室  中间楼层  精装修,阳光南里,清河,2室1厅 ,70.41, 南 北 , 精装 ,6, 1998年 , 板楼,5,13,5450000.0,"77,404元/平",近地铁 VR看装修 房本满五年 随时看房 
清河永泰西里 满五唯一 不临街居住安静 价格可谈,永泰西里,清河,2室1厅 ,58.6, 南 北 , 其他 ,6, 1993年 , 板楼,6, 2个月以前发布,3790000.0,"64,676元/平",近地铁 VR看装修 房本满五年 
本周推荐 永泰庄甲6号院  三层 业主诚意出售,永泰庄甲6号院,清河,2室1厅 ,54.8, 南 北 , 其他 ,6, 1986年 , 板楼,3, 1个月以前发布,4290000.0,"78,285元/平",近地铁 VR房源 房本满两年 
力度家园 2室1厅 东 西,力度家园,清河,2室1厅 ,108.37, 东 西 , 精装 ,21, 2004年 , 板塔结合,2,6,7800000.0,"71,976元/平",VR看装修 房本满五年 
没有遮挡，落地窗户采光好，小区内半人车分流，无抵押,永泰园新地标,清河,2室1厅 ,93.73, 西南 , 精装 ,31, 2002年 , 塔楼,4,18,6300000.0,"67,215元/平",近地铁 VR看装修 房本满五年 
观景园南北通透全明格局一居室，看房随时,观景园,清河,1室1厅 ,60.14, 南 北 , 精装 ,6, 2008年 , 板楼,5, 2个月以前发布,5450000.0,"90,622元/平",VR房源 房本满五年 随时看房 
强佑清河新城府学上院，楼层好，配套实施齐全,强佑清河新城府学上院,清河,1室0厅 ,62.7, 北 , 精装 ,27, 2009年 , 板塔结合,7,13,4200000.0,"66,986元/平",VR房源 房本满五年 
砂轮厂宿舍 3室2厅 南 北,砂轮厂宿舍,清河,3室2厅 ,96.62, 南 北 , 简装 ,7, 1999年 , 板楼,5, 3个月以前发布,5980000.0,"61,892元/平",VR房源 房本满两年 
永泰东里 南北通透 双阳台 两居室,永泰东里,清河,2室1厅 ,68.14, 南 北 , 简装 ,6, 2000年 , 板楼,3,3,4980000.0,"73,085元/平",近地铁 VR房源 房本满五年 
清河永泰庄，地铁八号线沿线，纯商品房小区一室一厅,清缘东里,清河,1室1厅 ,40.01, 南 , 精装 ,6, 2004年 , 板楼,6, 7个月以前发布,4180000.0,"104,474元/平",近地铁 VR房源 房本满五年 
高巢精装Loft，锋线阁小区，近地铁,高巢,清河,1室1厅 ,47.96, 南 , 精装 ,15, 2005年 , 板塔结合,7, 8个月以前发布,3650000.0,"76,106元/平",近地铁 VR房源 房本满五年 随时看房 
毛纺厂南小区，满五年不唯一住宅,毛纺厂南小区,清河,1室0厅 ,35.81, 东 , 其他 ,6, 1993年 , 板楼,20, 9个月以前发布,2950000.0,"82,380元/平",近地铁 VR看装修 房本满五年 
清缘里中区 南向 电梯直达一居室，业主诚心出售,清缘里中区,清河,1室1厅 ,53.03, 南 , 简装 ,10, 1998年 , 板楼,19, 6个月以前发布,3950000.0,"74,487元/平",VR看装修 房本满五年 
力度家园正对小区花园正规大一居室,力度家园,清河,1室1厅 ,68.63, 西 , 简装 ,15, 2004年 , 板塔结合,16, 11个月以前发布,4280000.0,"62,364元/平",近地铁 VR看装修 房本满五年 
砂轮厂宿舍 小营地铁 正规南向一居室 急,砂轮厂宿舍,清河,1室1厅 ,49.0, 南 , 精装 ,7, 1998年 , 板楼,5, 5个月以前发布,3380000.0,"68,980元/平",VR房源 房本满五年 
海淀产权，电梯直达，楼龄新，两居室，精装全屋定制,高巢,清河,2室1厅 ,23.15, 北 , 精装 ,15, 2005年 , 板塔结合,9, 8个月以前发布,3280000.0,"141,685元/平",近地铁 VR房源 房本满五年 
海淀 宝盛北里 2004年电梯一居室 南北通透 中楼层,宝盛北里,清河,1室1厅 ,66.93, 南 北 , 简装 ,9, 2004年 , 板楼,53, 一年前发布,4450000.0,"66,488元/平",VR看装修 房本满五年 
宝盛里小区  满五唯一商品房 精装修 低楼层,宝盛里,清河,1室1厅 ,55.5, 南 , 精装 ,6, 1998年 , 板楼,17, 10个月以前发布,4200000.0,"75,676元/平",VR看装修 房本满五年 
新上：莱圳家园 正规一室一厅 户型方正 视野开阔,莱圳家园,清河,1室1厅 ,66.82, 东南 , 精装 ,16, 2007年 , 板楼,29, 一年前发布,6200000.0,"92,787元/平",近地铁 VR看装修 房本满五年 
总监力荐小两居，中间楼层，不临街 不把边,清缘东里,清河,2室1厅 ,66.61, 北 , 精装 ,13, 2004年 , 塔楼,48, 8个月以前发布,4550000.0,"68,309元/平",近地铁 VR看装修 房本满五年 
【过年可看】新小区精装大一居，带电梯， 靠谱卖！,清缘东里,清河,1室1厅 ,66.56, 北 , 精装 ,13, 2004年 , 板楼,12, 5个月以前发布,4690000.0,"70,463元/平",近地铁 VR看装修 房本满五年 
高巢新上一居室，民水民电，电梯直达，业主靠谱出售,高巢,清河,1室0厅 ,34.06, 北 , 简装 ,15, 2005年 , 板塔结合,12, 5个月以前发布,2990000.0,"87,787元/平",近地铁 VR看装修 房本满两年 随时看房 
观澳园小区 中间层 南向 户型方正,观澳园,清河,1室0厅 ,56.18, 南 , 其他 ,5, 2005年 , 板楼,12, 7个月以前发布,4700000.0,"83,660元/平",VR房源 房本满五年 
观澳园小区全南向开间，满五年，采光充足,观澳园,清河,1室0厅 ,40.56, 南 , 其他 ,9, 2006年 , 板楼,5, 5个月以前发布,3850000.0,"94,922元/平",VR看装修 房本满五年 随时看房 
海淀观澳园新小区 电梯房 首付少,观澳园,清河,1室1厅 ,41.2, 东 , 精装 ,6, 2006年 , 板楼,49, 5个月以前发布,3150000.0,"76,457元/平",近地铁 VR看装修 房本满两年 
店长力推 宝盛里 明厅两居 低楼层,宝盛里,清河,2室1厅 ,83.6, 南 北 , 毛坯 ,6, 1998年 , 板楼,26, 10个月以前发布,6250000.0,"74,761元/平",VR房源 房本满五年 随时看房 
世华龙樾一期西区 南向正规一居室 带电梯 毛坯次新房,世华龙樾一期西区,清河,1室1厅 ,56.5, 南 , 毛坯 ,17, 2018年 , 板楼,35, 9个月以前发布,5150000.0,"91,151元/平",近地铁 VR看装修 随时看房 
永泰园 2层 满五年唯一 双地铁配套,永泰园,清河,1室1厅 ,55.2, 南 , 简装 ,6, 2000年 , 板楼,38, 6个月以前发布,3960000.0,"71,740元/平",近地铁 VR看装修 
2014年次新房，南北电梯2居室，20万精装修,世华龙樾一期西区,清河,2室1厅 ,77.92, 南 北 , 精装 ,15, 2018年 , 板楼,12, 4个月以前发布,7300000.0,"93,686元/平",近地铁 VR看装修 
清缘里中区 钢混结构住宅 不临街 采光充足 可签约,清缘里中区,清河,2室1厅 ,76.44, 东 西 , 简装 ,9, 2018年 , 板楼,105, 7个月以前发布,4260000.0,"55,730元/平",VR看装修 
永泰东里 南北两居 中间层 客厅朝南有阳台,永泰东里,清河,2室1厅 ,64.79, 南 北 , 简装 ,6, 1996年 , 板楼,2, 4个月以前发布,4600000.0,"70,999元/平",近地铁 VR看装修 
强佑府学上院 南向观景一居室 精装修可直接入住,强佑清河新城府学上院,清河,1室1厅 ,54.19, 南 , 精装 ,24, 2020年 , 板塔结合,16, 6个月以前发布,5180000.0,"95,590元/平",近地铁 VR看装修 
清河嘉园 满五唯一 楼层视野好,强佑清河新城府学上院,清河,1室1厅 ,60.57, 东 , 其他 ,27, 2009年 , 板塔结合,3, 6个月以前发布,4980000.0,"82,219元/平",近地铁 VR看装修 
强佑清河新城府学上院  2018年房龄 品质一居室 格局好,强佑清河新城府学上院,清河,1室1厅 ,54.19, 南 , 简装 ,24, 2019年 , 板塔结合,13, 5个月以前发布,5100000.0,"94,114元/平",近地铁 VR房源 
强佑清河新城府学上院南向一居室采光好视野开阔没遮挡,强佑清河新城府学上院,清河,1室1厅 ,49.51, 南 , 精装 ,14, 2014年 , 板塔结合,28, 10个月以前发布,3790000.0,"76,551元/平",近地铁 VR看装修 
永泰园，南向一居室，采光好，低楼层,永泰园,清河,1室1厅 ,44.54, 南 , 简装 ,7, 1999年 , 板楼,12, 6个月以前发布,3600000.0,"80,827元/平",近地铁 VR房源 
清河 永泰西里 车位充足 户型方正,永泰西里,清河,1室1厅 ,46.39, 南 , 简装 ,6, 2018年 , 板楼,5, 7个月以前发布,4000000.0,"86,226元/平",近地铁 VR看装修 
强佑清河新城府学上院南向开间，视野采光好,强佑清河新城府学上院,清河,1室1厅 ,33.0, 南 , 精装 ,18, 2020年 , 板塔结合,20, 一年前发布,3750000.0,"113,637元/平",近地铁 VR看装修 
强佑清河新城府学上院  2020年次新房 精装修品质一居,强佑清河新城府学上院,清河,1室1厅 ,38.01, 西北 , 精装 ,18, 2020年 , 板塔结合,30, 3个月以前发布,3580000.0,"94,186元/平",近地铁 VR看装修 
清河 观景园 满五年唯一商品房 随时签约随时可以看房,观景园,清河,1室1厅 ,66.67, 东 北 , 精装 ,6, 2008年 , 板楼,4, 4个月以前发布,4830000.0,"72,447元/平",VR看装修 房本满五年 随时看房 
强佑清河新城府学上院 品质小户型  次新房 位置好,强佑清河新城府学上院,清河,1室0厅 ,25.28, 西 , 简装 ,18, 2020年 , 板塔结合,7, 3个月以前发布,3080000.0,"121,836元/平",近地铁 VR看装修 
宝盛北里 南北通透 两居室 04年小区 高得房率,宝盛北里,清河,2室1厅 ,102.2, 南 北 , 简装 ,6, 2004年 , 板楼,4, 一年前发布,6650000.0,"65,069元/平",VR看装修 房本满五年 
世华龙樾一期西区 南向两居室 电梯房 人车分流,世华龙樾一期西区,清河,2室1厅 ,76.2, 南 , 毛坯 ,11, 2018年 , 板楼,25, 2个月以前发布,6800000.0,"89,239元/平",近地铁 VR看装修 
店长力荐 观景园中间层 满五唯一商品房 精装两居室,观景园,清河,2室1厅 ,93.79, 东 西 , 精装 ,6, 2011年 , 板楼,1, 1个月以前发布,8190000.0,"87,323元/平",VR房源 随时看房 
怡清园一居，满5年唯一，落地阳台，中间层，采光充足,怡清园,清河,1室1厅 ,57.37, 南 , 简装 ,6, 2003年 , 板楼,7, 2个月以前发布,4550000.0,"79,310元/平",近地铁 VR房源 房本满五年 
永泰东里两居，满5唯一，明厅格局，户型方正，采光好,永泰东里,清河,2室1厅 ,68.82, 南 北 , 简装 ,6, 2000年 , 板楼,12, 2个月以前发布,4900000.0,"71,201元/平",近地铁 VR房源 房本满五年 
力度家园安静小户型带电梯中楼层,力度家园,清河,1室1厅 ,77.23, 西北 , 简装 ,21, 2004年 , 板塔结合,2, 3个月以前发布,5890000.0,"76,266元/平",近地铁 VR看装修 房本满五年 
橡树湾二期 1室1厅 南,橡树湾二期,清河,1室1厅 ,53.31, 南 , 精装 ,11, 2009年 , 板塔结合,3, 3个月以前发布,6990000.0,"131,120元/平",近地铁 VR看装修 房本满五年 
金隅美和园  东西向正规一居室,金隅美和园,清河,2室1厅 ,61.0, 东 西 , 简装 ,9, 2009年 , 板楼,8, 1个月以前发布,5050000.0,"82,787元/平",近地铁 VR房源 房本满五年 
橡林郡3室2厅双明卫，三面花园绿化，无遮挡采光好,橡林郡,清河,3室2厅 ,119.96, 南 北 , 精装 ,18, 2020年 , 板楼,12, 3个月以前发布,16200000.0,"135,046元/平",VR看装修 房本满两年 随时看房 
毛纺厂南小区 2室1厅 南 北,毛纺厂南小区,清河,2室1厅 ,70.8, 南 北 , 其他 ,6, 1996年 , 板楼,2, 2个月以前发布,5050000.0,"71,328元/平",VR看装修 房本满五年 随时看房 
少有的复式格局，挑空客厅，品质社区，三世同堂，急售,橡树湾二期,清河,4室2厅 ,146.72, 南 北 , 精装 ,11, 2009年 , 板塔结合,6, 1个月以前发布,21950000.0,"149,605元/平",近地铁 VR房源 房本满五年 
合景映月台 满五年 装修保持好 物业管理好 近地铁公交,合景映月台,清河,2室1厅 ,77.5, 南 北 , 精装 ,8, 2016年 , 板楼,9, 2个月以前发布,9900000.0,"127,742元/平",VR看装修 房本满五年 随时看房 
永泰园新风景2003年，带电梯板楼精装修拎包入住,永泰园,清河,2室1厅 ,107.22, 南 北 , 精装 ,10, 2003年 , 板楼,8, 2个月以前发布,10500000.0,"97,930元/平",近地铁 VR房源 房本满五年 
观林园，正规三居室，近奥森，小区密度小,观林园,清河,3室1厅 ,142.5, 南 西 北 , 精装 ,6, 2011年 , 板楼,10, 1个月以前发布,13500000.0,"94,737元/平",VR看装修 随时看房 
力度家园电梯一居精装修位置安静,力度家园,清河,1室1厅 ,67.89, 西 , 精装 ,15, 2004年 , 板塔结合,10, 2个月以前发布,4480000.0,"65,990元/平",近地铁 VR房源 房本满五年 随时看房 
砂轮厂宿舍 1室1厅 南,砂轮厂宿舍,清河,1室1厅 ,45.14, 南 , 其他 ,7, 1998年 , 板楼,4, 2个月以前发布,2800000.0,"62,030元/平",VR房源 房本满两年 
学府树家园四区 精装修 高层一居室 视野开阔 诚意出售,橡树湾四期,清河,1室1厅 ,72.66, 东 , 精装 ,16, 2014年 , 板塔结合,8, 3个月以前发布,8490000.0,"116,846元/平",VR看装修 
橡树湾二期正规两居室，看小区花园，位置安静,橡树湾二期,清河,2室1厅 ,95.02, 东南 , 简装 ,9, 2008年 , 板塔结合,1,15,13000000.0,"136,814元/平",近地铁 VR看装修 房本满五年 
永泰园03年商品房小区，双线地铁满五年业主一套房住房,永泰园,清河,2室1厅 ,64.2, 东北 , 简装 ,6, 2003年 , 板楼,0,16,4750000.0,"73,988元/平",近地铁 VR看装修 房本满五年 
精装复式 南北通透 明厨明卫 位置安静，视野开阔！,橡树湾二期,清河,2室1厅 ,61.31, 南 北 , 精装 ,9, 2008年 , 板塔结合,9, 2个月以前发布,9990000.0,"162,943元/平",近地铁 VR房源 房本满两年 
宝盛北里 1室1厅 南,宝盛北里,清河,1室1厅 ,68.42, 南 , 精装 ,6, 2004年 , 板楼,7, 1个月以前发布,4300000.0,"62,848元/平",VR看装修 房本满五年 
橡树湾二期正规两居室，看小区花园，位置安静,橡树湾二期,清河,2室1厅 ,95.02, 东南 , 简装 ,9, 2008年 , 板塔结合,1,15,13000000.0,"136,814元/平",近地铁 VR看装修 房本满五年 
清河新城府学上院 精装修 采光户型好,强佑清河新城府学上院,清河,2室1厅 ,65.1, 西南 , 精装 ,27, 2009年 , 板塔结合,10, 1个月以前发布,5570000.0,"85,561元/平",VR看装修 房本满两年 
砂轮厂宿舍，精装，南向，大两居室，近地铁，采光充足,砂轮厂宿舍,清河,2室1厅 ,62.17, 南 , 精装 ,7, 1998年 , 板楼,3,16,4020000.0,"64,662元/平",VR房源 房本满五年 
世华龙樾一期西区 2室1厅 南,世华龙樾一期西区,清河,2室1厅 ,75.83, 南 , 简装 ,18, 2014年 , 板楼,7, 1个月以前发布,7190000.0,"94,818元/平",VR看装修 房本满五年 随时看房 
海清园 2室1厅 户型方正 视野好,海清园,清河,2室1厅 ,87.05, 东北 , 其他 ,18, 2001年 , 塔楼,10, 2个月以前发布,6250000.0,"71,798元/平",近地铁 VR看装修 房本满五年 
毛纺厂南小区 2室1厅 南,毛纺厂南小区,清河,2室1厅 ,57.7, 南 , 简装 ,6, 1992年 , 板楼,9, 2个月以前发布,3990000.0,"69,151元/平",近地铁 VR房源 房本满两年 
怡清园南向一居，精装，满5年唯一，落地阳台，采光好,怡清园,清河,1室1厅 ,57.37, 南 , 精装 ,6, 2003年 , 板楼,5, 2个月以前发布,4200000.0,"73,209元/平",近地铁 VR房源 房本满五年 
清河力度家园 西南向精装3居室 靠谱出售,力度家园,清河,3室1厅 ,134.74, 南 西 , 其他 ,15, 2004年 , 板塔结合,13, 2个月以前发布,11000000.0,"81,639元/平",近地铁 VR房源 房本满两年 
621小区 南北向正规两居室 不临街 一层 诚意出售,621小区,清河,2室1厅 ,49.9, 南 北 , 简装 ,5, 1980年 , 板楼,2, 1个月以前发布,4880000.0,"97,796元/平",近地铁 VR房源 房本满五年 随时看房 
橡树湾二期  中间层 南北通透4居室 报价诚心 看房方便,橡树湾二期,清河,4室2厅 ,143.46, 南 北 , 精装 ,15, 2009年 , 板塔结合,35, 1个月以前发布,16600000.0,"115,712元/平",近地铁 VR看装修 房本满五年 
三面朝南 双卫大三居 适合改善换房 诚心出售,怡清园,清河,3室1厅 ,142.23, 南 西 , 简装 ,15, 2003年 , 板塔结合,9, 1个月以前发布,9300000.0,"65,388元/平",近地铁 VR房源 房本满两年 
橡树湾一期 复式三居，满五年唯一，精装，看房方便。,橡树湾一期,清河,3室2厅 ,70.57, 西 , 精装 ,11, 2007年 , 板塔结合,3, 10个月以前发布,12700000.0,"179,964元/平",近地铁 VR房源 房本满五年 
总监强力推荐 业主稳定出售 南北三居 满五唯一商品房,永泰东里,清河,3室1厅 ,95.77, 南 北 , 精装 ,6, 1995年 , 板楼,5, 1个月以前发布,6970000.0,"72,779元/平",近地铁 VR房源 房本满五年 随时看房 
宝盛里正规三居室车位充足，中间层边户，无遮挡采光好,宝盛里,清河,3室2厅 ,94.99, 东 南 北 , 简装 ,6, 2000年 , 板楼,4, 1个月以前发布,6700000.0,"70,534元/平",VR房源 
宝盛里 东向正规一居室 随时签约 满二年,宝盛里,清河,1室1厅 ,65.21, 东 , 简装 ,5, 2000年 , 板楼,0,18,3990000.0,"61,187元/平",VR看装修 房本满两年 
清河 南向精装loft  带电梯 近地铁,高巢,清河,1室1厅 ,47.96, 南 , 精装 ,15, 2005年 , 板塔结合,6,16,3580000.0,"74,646元/平",近地铁 VR房源 房本满五年 
海淀清河 2001年的商品房 高楼层，正规一居室随时签约,清河文苑,清河,1室1厅 ,56.47, 西 , 简装 ,24, 2001年 , 塔楼,11, 2个月以前发布,3980000.0,"70,480元/平",近地铁 VR看装修 
永泰园板楼电梯三居，双地铁，靠谱卖。,永泰园,清河,3室2厅 ,115.99, 南 北 , 其他 ,10, 2003年 , 板楼,7,8,10500000.0,"90,526元/平",近地铁 VR看装修 房本满五年 
海淀清河 四居室 靠谱出售 价格能谈,清河文苑,清河,4室2厅 ,163.4, 东北 , 其他 ,22, 2004年 , 塔楼,16, 2个月以前发布,9500000.0,"58,140元/平",近地铁 VR看装修 房本满五年 
世华龙樾一期西区 东西通透一居室 中间楼层 视野开阔,世华龙樾一期西区,清河,1室1厅 ,43.82, 东 西 , 简装 ,11, 2018年 , 板楼,16, 2个月以前发布,4400000.0,"100,411元/平",近地铁 VR看装修 
强佑清河新城府学上院南北通透2居室,强佑清河新城府学上院,清河,2室2厅 ,127.0, 南 北 , 毛坯 ,29, 2021年 , 板塔结合,29, 一年前发布,10900000.0,"85,827元/平",VR看装修 随时看房 
毛南 不临街 不把边 南北三居 可以看房,毛纺厂南小区,清河,3室1厅 ,69.1, 南 北 , 简装 ,6, 1986年 , 板楼,18, 6个月以前发布,6010000.0,"86,976元/平",近地铁 VR房源 
2014年次新小区，距离8号线西小口站50米，随时可看,世华龙樾一期西区,清河,1室1厅 ,56.5, 南 , 毛坯 ,17, 2018年 , 板楼,99, 9个月以前发布,4750000.0,"84,071元/平",近地铁 VR看装修 随时看房 
海淀清河 永泰庄地铁附近 南北三居室 采光好,永泰西里,清河,3室1厅 ,69.76, 东 南 北 , 简装 ,6, 1998年 , 板楼,53, 4个月以前发布,4380000.0,"62,787元/平",近地铁 VR房源 随时看房 
毛纺厂南小区 中间层南北通透两居室 看房随时,毛纺厂南小区,清河,2室1厅 ,54.3, 南 北 , 简装 ,6, 1988年 , 板楼,10, 8个月以前发布,4450000.0,"81,953元/平",近地铁 VR看装修 随时看房 
海淀清河 观林园 6层板楼社区 南北两居 密度低,观林园,清河,2室1厅 ,98.21, 南 北 , 精装 ,6, 2011年 , 板楼,15, 3个月以前发布,8700000.0,"88,586元/平",VR房源 房本满五年 
满二年商品房 中间层 精装修 看房随时 随时可以签约,宝盛里,清河,1室1厅 ,53.09, 南 , 精装 ,6, 2001年 , 板楼,10, 3个月以前发布,4090000.0,"77,039元/平",VR看装修 房本满两年 
公交党校宿舍 2室1厅 南 北,公交党校宿舍,清河,2室1厅 ,58.7, 南 北 , 精装 ,6, 1982年 , 板楼,4, 6个月以前发布,5500000.0,"93,697元/平",近地铁 VR看装修 
永泰东里   精装修两居  业主自住,永泰东里,清河,2室1厅 ,57.59, 东 西 , 精装 ,6, 1998年 , 板楼,3, 5个月以前发布,4100000.0,"71,193元/平",近地铁 VR看装修 
强佑府学上院业主诚意出售精致南向小户型,强佑清河新城府学上院,清河,1室0厅 ,42.35, 东南 , 简装 ,18, 2020年 , 板塔结合,5, 3个月以前发布,3950000.0,"93,271元/平",近地铁 VR看装修 
五一可看永泰东里  5层 满五年唯一 8号线永泰庄随时签,永泰东里,清河,1室1厅 ,58.91, 东 南 西 , 其他 ,6, 2000年 , 板楼,2, 11个月以前发布,4250000.0,"72,144元/平",近地铁 VR房源 房本满五年 
宝盛里 一居室 全南向 户型方正 精装修 采光充足,宝盛里,清河,1室1厅 ,55.5, 南 , 精装 ,6, 2001年 , 板楼,6, 一年前发布,4190000.0,"75,496元/平",VR房源 
毛南一层变换格局 随时看 随时签约 价格可谈,毛纺厂南小区,清河,2室1厅 ,50.5, 南 北 , 毛坯 ,6, 1984年 , 板楼,100, 5个月以前发布,4780000.0,"94,654元/平",近地铁 VR房源 随时看房 
橡树湾四期高层视野好精装修两居诚意出售,橡树湾四期,清河,2室1厅 ,109.4, 东 西 , 精装 ,20, 2013年 , 板楼,2, 4个月以前发布,14000000.0,"127,971元/平",VR看装修 房本满两年 
世华龙樾一期西区 东西两居室 人车分流 交通便利 诚售,世华龙樾一期西区,清河,2室1厅 ,76.0, 东 西 , 简装 ,15, 2018年 , 板楼,23, 6个月以前发布,7000000.0,"92,106元/平",近地铁 VR看装修 
观景园 2室1厅 南 北,观景园,清河,2室1厅 ,90.95, 南 北 , 其他 ,6, 2008年 , 板楼,6, 5个月以前发布,8380000.0,"92,139元/平",VR房源 
加气混凝土厂宿舍  满五年唯一商品房   小区中间位置,加气混凝土厂宿舍,清河,3室0厅 ,60.0, 东 南 北 , 简装 ,5, 1981年 , 板楼,8, 11个月以前发布,4800000.0,"80,000元/平",VR看装修 
海淀 清河 花园新区 精装两居室,花园新区,清河,2室1厅 ,71.78, 东北 , 其他 ,19, 2010年 , 塔楼,36, 6个月以前发布,5050000.0,"70,354元/平",VR看装修 
强佑清河新城府学上院 2018年房龄 南向两居 格局好,强佑清河新城府学上院,清河,2室1厅 ,93.16, 南 , 简装 ,24, 2017年 , 板塔结合,55, 10个月以前发布,8500000.0,"91,241元/平",近地铁 VR房源 房本满两年 
橡树湾一期，东南两居室，精装修诚意出售,橡树湾一期,清河,2室1厅 ,88.3, 东南 , 精装 ,22, 2008年 , 板塔结合,35, 7个月以前发布,11600000.0,"131,371元/平",近地铁 VR看装修 
清河毛纺厂南小区 低楼层2居室 随时看,毛纺厂南小区,清河,2室1厅 ,60.0, 南 北 , 毛坯 ,6, 1987年 , 板楼,12, 9个月以前发布,4580000.0,"76,334元/平",近地铁 VR看装修 
世华龙越一期西区南向一居室，人车分流，业主诚售,世华龙樾一期西区,清河,1室1厅 ,56.69, 南 , 精装 ,17, 2018年 , 板楼,16, 3个月以前发布,5050000.0,"89,081元/平",近地铁 VR看装修 
永泰东里满五唯一主卧带阳台朝南次卧朝北两居室,永泰东里,清河,2室1厅 ,57.51, 南 北 , 简装 ,6, 1996年 , 板楼,3, 4个月以前发布,4290000.0,"74,596元/平",近地铁 VR看装修 房本满五年 随时看房 
永泰园 3室0厅 南 北,永泰园,清河,3室0厅 ,56.87, 南 北 , 简装 ,6, 1980年 , 板楼,14, 5个月以前发布,4300000.0,"75,612元/平",近地铁 VR看装修 房本满两年 
中央财经大学家属楼 中间层  南北通透 采光充足 急售,中央财经大学家属楼,清河,3室1厅 ,82.96, 南 北 , 简装 ,6, 1998年 , 板楼,37, 2个月以前发布,6290000.0,"75,820元/平",近地铁 VR房源 房本满五年 
毛纺厂南小区 南北两居 中间楼层 满五唯一 诚意出售,毛纺厂南小区,清河,2室1厅 ,47.5, 南 北 , 精装 ,5, 1975年 , 板楼,9, 2个月以前发布,3650000.0,"76,843元/平",近地铁 VR看装修 房本满五年 
砂轮厂宿舍四居室，低楼层，看房联系我,砂轮厂宿舍,清河,4室1厅 ,82.3, 南 北 , 简装 ,5, 1987年 , 板楼,5, 1个月以前发布,6100000.0,"74,120元/平",近地铁 VR看装修 房本满五年 
永泰园商品房小区，精装修两居室。,永泰园新地标,清河,2室1厅 ,82.22, 西 , 简装 ,17, 2002年 , 塔楼,18, 3个月以前发布,6090000.0,"74,070元/平",VR看装修 房本满两年 
橡树湾一期 东南两居室 满五唯一 好楼层,橡树湾一期,清河,2室1厅 ,88.23, 东南 , 精装 ,18, 2007年 , 板塔结合,4, 1个月以前发布,11980000.0,"135,782元/平",近地铁 VR看装修 房本满五年 
高巢 1室1厅 南 西,高巢,清河,1室1厅 ,54.1, 南 西 , 简装 ,15, 2005年 , 板塔结合,1, 1个月以前发布,4600000.0,"85,028元/平",近地铁 VR看装修 房本满五年 
宝盛北里三室两厅，不临街，精装修，双卧朝南,宝盛北里,清河,3室2厅 ,105.91, 南 西 北 , 精装 ,6, 2004年 , 板楼,9, 2个月以前发布,8000000.0,"75,536元/平",VR房源 
强佑清河新城府学上院 1室0厅 西,强佑清河新城府学上院,清河,1室0厅 ,32.41, 西 , 其他 ,24, 2020年 , 板塔结合,4, 2个月以前发布,3350000.0,"103,364元/平",近地铁 VR看装修 
毛纺厂西小区 3室1厅 南 北,毛纺厂西小区,清河,3室1厅 ,67.2, 南 北 , 简装 ,6, 1986年 , 板楼,1, 1个月以前发布,6150000.0,"91,518元/平",VR看装修 房本满五年 
冶金家属院 满五唯一 南北通透  近地铁 装修好小两居,小营东路5号院,清河,2室1厅 ,54.6, 南 北 , 精装 ,5, 1985年 , 板楼,13, 2个月以前发布,3780000.0,"69,231元/平",近地铁 VR房源 房本满五年 
橡树湾四期  视野开阔 通透户型 满五唯一 看房随时,橡树湾四期,清河,2室1厅 ,109.03, 东 西 , 其他 ,20, 2013年 , 板楼,1, 2个月以前发布,14200000.0,"130,240元/平",VR看装修 房本满五年 随时看房 
强佑清河新城府学上院 1室1厅 东北,强佑清河新城府学上院,清河,1室1厅 ,48.29, 东北 , 精装 ,24, 2020年 , 板塔结合,5, 1个月以前发布,4460000.0,"92,359元/平",近地铁 VR看装修 
毛纺厂南小区满五年唯一 全明格局 南北通透 采光好,毛纺厂南小区,清河,2室1厅 ,70.4, 南 北 , 其他 ,6, 1997年 , 板楼,6, 2个月以前发布,4590000.0,"65,199元/平",VR房源 房本满五年 
永泰园南北通两居，满五年，两居室采光好,永泰园,清河,2室1厅 ,51.99, 南 北 , 精装 ,7, 1999年 , 板楼,21, 1个月以前发布,3500000.0,"67,321元/平",近地铁 VR看装修 房本满五年 
强佑清河新城府学上院 1室1厅 西南,强佑清河新城府学上院,清河,1室1厅 ,57.56, 西南 , 精装 ,27, 2009年 , 板塔结合,2, 2个月以前发布,5100000.0,"88,604元/平",近地铁 VR看装修 房本满两年 
力度家园，南北通透两居室，双卫，高楼层，视野开阔,力度家园,清河,2室2厅 ,110.25, 南 北 , 精装 ,21, 2004年 , 板塔结合,8,18,8700000.0,"78,912元/平",VR房源 房本满两年 
南北通透两居室，业主诚意出售，看房提前约,砂轮厂宿舍,清河,2室1厅 ,56.4, 南 北 , 精装 ,5, 1993年 , 板楼,0, 4个月以前发布,3990000.0,"70,745元/平",近地铁 VR看装修 
观澳园  中间层 南向一居  视野宽广 随时签约,观澳园,清河,1室0厅 ,45.34, 南 , 精装 ,5, 2006年 , 板楼,2, 3个月以前发布,4200000.0,"92,634元/平",VR看装修 
房本已满五年，商品房，南北通透一居，诚意售,宝盛北里,清河,2室1厅 ,67.69, 南 北 , 精装 ,6, 2004年 , 板楼,4, 2个月以前发布,5300000.0,"78,299元/平",VR看装修 房本满五年 
橡林郡 精装三居   小区中间位置   中间层 全明户型,橡林郡,清河,3室1厅 ,119.8, 南 北 , 精装 ,18, 2020年 , 板塔结合,12, 2个月以前发布,16900000.0,"141,069元/平",近地铁 VR看装修 房本满两年 
观景园，明厨明卫一居室，前后不临街，稳定签约,观景园,清河,1室1厅 ,66.67, 东 北 , 简装 ,6, 2008年 , 板楼,0, 2个月以前发布,5580000.0,"83,696元/平",VR房源 房本满五年 
信息科技大学 中间层 明卫 三居室 满五年的一手业主,信息学院家属楼,清河,3室1厅 ,89.0, 南 北 , 精装 ,4, 1986年 , 板楼,8, 2个月以前发布,6200000.0,"69,663元/平",VR看装修 
砂轮厂宿舍，南北通透，低楼层，户型方正，近地铁,砂轮厂宿舍,清河,2室1厅 ,51.5, 南 北 , 精装 ,6, 1988年 , 板楼,12, 2个月以前发布,3950000.0,"76,700元/平",近地铁 VR看装修 房本满两年 
永泰庄甲6号院 2室0厅 东 南,永泰庄甲6号院,清河,2室0厅 ,54.8, 东 南 , 其他 ,6, 1986年 , 板楼,0,19,4200000.0,"76,643元/平",近地铁 VR看装修 房本满两年 
清河阳光南里 精装两居  满五年唯一,阳光南里,清河,2室1厅 ,68.83, 东 西 , 精装 ,6, 1998年 , 板楼,3,17,4900000.0,"71,190元/平",近地铁 VR房源 房本满五年 
美和园东区低楼层两居，板楼出入方便，位置安静。,金隅美和园东区,清河,2室1厅 ,81.18, 南 北 , 简装 ,6, 2009年 , 板楼,2,19,6350000.0,"78,222元/平",近地铁 VR看装修 房本满五年 
清缘里中区电梯南向一居室 精装修 采光好不临街,清缘里中区,清河,1室1厅 ,49.6, 南 , 其他 ,10, 1998年 , 板楼,7, 2个月以前发布,3990000.0,"80,444元/平",VR看装修 房本满五年 
永泰园满5年唯一，2层，南北通透，无遮无挡,永泰园,清河,2室1厅 ,56.7, 南 北 , 简装 ,5, 1993年 , 板楼,6, 2个月以前发布,4250000.0,"74,956元/平",近地铁 VR看装修 房本满五年 
世华，户型好高板电梯房，全南电梯一居，适合贷款,世华龙樾一期西区,清河,1室1厅 ,52.29, 南 , 简装 ,18, 2014年 , 板塔结合,0,18,5350000.0,"102,315元/平",VR看装修 房本满两年 
怡清园 3室3厅 南 北,怡清园,清河,3室3厅 ,148.19, 南 北 , 简装 ,6, 2003年 , 板楼,2, 2个月以前发布,9100000.0,"61,408元/平",近地铁 VR房源 房本满五年 
莱圳家园 2室2厅 东 西,莱圳家园,清河,2室2厅 ,93.78, 东 西 , 简装 ,17, 2012年 , 板楼,7, 2个月以前发布,8350000.0,"89,039元/平",近地铁 VR房源 房本满五年 随时看房 
没有遮挡，落地窗户采光好，小区内半人车分流，无抵押,永泰园新地标,清河,2室1厅 ,93.73, 西南 , 精装 ,31, 2002年 , 塔楼,4,18,6300000.0,"67,215元/平",近地铁 VR看装修 房本满五年 
海淀清河 燕清源精装一居室 满五年唯一 靠谱出售,燕清源,清河,1室1厅 ,74.15, 西北 , 其他 ,28, 2005年 , 板塔结合,5, 2个月以前发布,6550000.0,"88,335元/平",近地铁 VR看装修 房本满五年 
南北朝向，诚心出售，满五唯一，光线好,毛纺厂南小区,清河,2室1厅 ,60.1, 南 北 , 精装 ,6, 1994年 , 板楼,1,6,4000000.0,"66,556元/平",近地铁 VR房源 房本满五年 
莱圳家园北区，二居精装修，地铁八号线西小口站550米,莱圳家园,清河,2室1厅 ,94.92, 东南 西北 , 精装 ,16, 2009年 , 板楼,30, 3个月以前发布,7350000.0,"77,434元/平",近地铁 VR看装修 随时看房 
清缘东里 南北通透 满五唯一 落地窗 带电梯 前后花园,清缘东里,清河,2室1厅 ,82.66, 南 北 , 简装 ,13, 2003年 , 板楼,22, 3个月以前发布,6800000.0,"82,265元/平",近地铁 VR房源 房本满五年 随时看房 
21万元精装修  南向没有遮挡 采光充足  看房方便,花园楼,清河,1室1厅 ,44.7, 南 , 其他 ,6, 1986年 , 板楼,3, 1个月以前发布,3880000.0,"86,801元/平",VR房源 房本满两年 
四期精装修 满五年 业主自住 保持好,橡树湾四期,清河,2室1厅 ,100.71, 西 南 , 精装 ,25, 2014年 , 板塔结合,1, 1个月以前发布,12980000.0,"128,885元/平",VR房源 房本满五年 
海淀 清河 莱圳家园 南向两居 带电梯 近地铁,莱圳家园,清河,2室1厅 ,73.65, 南 , 精装 ,15, 2006年 , 板楼,12,11,7500000.0,"101,833元/平",近地铁 VR看装修 
橡树湾三期，方正户型，高层观景房，,橡树湾三期,清河,2室1厅 ,94.67, 东 西 , 精装 ,23, 2011年 , 板塔结合,4, 2个月以前发布,11900000.0,"125,700元/平",近地铁 VR房源 房本满五年 
高巢2005年小区、近地铁、有电梯，北向一居室,高巢,清河,1室0厅 ,37.17, 北 , 其他 ,15, 2005年 , 板塔结合,1,8,3380000.0,"90,934元/平",近地铁 VR看装修 随时看房 
清缘里中区电梯两居室，欢迎来访,清缘里中区,清河,2室1厅 ,73.95, 南 北 , 精装 ,10, 1998年 , 板楼,8, 1个月以前发布,5500000.0,"74,375元/平",VR房源 房本满五年 
怡清园 正规三居室 2003年商品房小区 近地铁近公园,怡清园,清河,3室1厅 ,105.38, 东 西 , 精装 ,6, 2003年 , 板楼,3,13,6700000.0,"63,580元/平",近地铁 VR房源 房本满五年 
本周总监推荐 永泰西里 采光好 适合刚需客户,永泰西里,清河,2室1厅 ,60.31, 东 西 , 精装 ,6, 1998年 , 板楼,7, 1个月以前发布,3950000.0,"65,495元/平",近地铁 VR房源 房本满五年 
永泰园正规一居室中间层 满五年无抵押,永泰园,清河,1室1厅 ,50.06, 北 , 简装 ,6, 2002年 , 板楼,2, 1个月以前发布,3550000.0,"70,915元/平",近地铁 VR看装修 房本满五年 
永泰东里 满五唯一 商品房 中间层 南北通透 诚心出售,永泰东里,清河,2室1厅 ,61.02, 南 北 , 精装 ,6, 1996年 , 板楼,7, 2个月以前发布,4950000.0,"81,121元/平",近地铁 VR房源 房本满五年 
永泰东里 1室1厅 南,永泰东里,清河,1室1厅 ,48.1, 南 , 其他 ,6, 1994年 , 板楼,5, 2个月以前发布,3800000.0,"79,003元/平",近地铁 VR看装修 房本满两年 
装修保养如新 少有的两居户型 带大阳台 居住舒适度高,橡树湾四期,清河,2室1厅 ,85.33, 东 , 精装 ,18, 2013年 , 板塔结合,2,8,10800000.0,"126,568元/平",VR看装修 房本满五年 
中间楼层，视野开阔采光好，居住保养新，稳定出售,橡树湾四期,清河,2室1厅 ,98.02, 西南 , 精装 ,18, 2013年 , 板塔结合,1, 1个月以前发布,13500000.0,"137,727元/平",VR看装修 房本满五年 
毛纺厂南小区，南北通透，价格可谈,毛纺厂南小区,清河,3室1厅 ,71.4, 南 北 , 精装 ,6, 1992年 , 板楼,10, 5个月以前发布,4500000.0,"63,026元/平",近地铁 VR看装修 随时看房 
永泰园板楼  两居 中间楼层 南北通透,永泰园,清河,2室1厅 ,68.38, 南 北 , 简装 ,6, 1998年 , 板楼,39, 一年前发布,5490000.0,"80,287元/平",近地铁 VR看装修 
卫生局宿舍 复式户型，全明户型,卫生局宿舍,清河,3室2厅 ,82.2, 南 北 , 其他 ,6, 2000年 , 板楼,13, 5个月以前发布,5990000.0,"72,872元/平",近地铁 VR房源 
毛纺厂南小区一层南北通透实用三居室,毛纺厂南小区,清河,3室1厅 ,59.5, 南 北 东 , 其他 ,6, 1980年 , 板塔结合,84, 一年前发布,4680000.0,"78,656元/平",近地铁 VR房源 房本满两年 
花园楼小区 南北两居室  产权清晰  靠谱卖  随时签约,花园楼,清河,2室1厅 ,60.9, 南 北 , 简装 ,6, 1980年 , 板楼,15, 9个月以前发布,3950000.0,"64,861元/平",VR看装修 
南北通透，品质小区，电梯房，配套齐全，观景房,强佑清河新城府学上院,清河,2室2厅 ,122.62, 南 北 , 精装 ,29, 2021年 , 板塔结合,8, 9个月以前发布,11180000.0,"91,176元/平",VR看装修 
宝盛北里正规两居，满五年唯一，无抵押，无户口,宝盛北里,清河,2室2厅 ,105.2, 南 北 , 精装 ,6, 2004年 , 板楼,17, 11个月以前发布,8000000.0,"76,046元/平",VR房源 房本满两年 
清缘里户型方正两居室，欢迎来访,清缘里中区,清河,2室1厅 ,65.34, 东 西 , 精装 ,10, 1998年 , 板楼,26, 7个月以前发布,4580000.0,"70,095元/平",VR看装修 
小营东路7号院 精装修 中间层 明厅 户型方正,小营东路7号院,清河,2室1厅 ,90.85, 东 西 , 精装 ,6, 1999年 , 板楼,6, 9个月以前发布,6850000.0,"75,400元/平",VR看装修 房本满两年 
世华龙樾一期西区  人车分流 近地铁 新小区 户型好,世华龙樾一期西区,清河,1室1厅 ,56.5, 南 , 其他 ,17, 2018年 , 板楼,29, 5个月以前发布,5000000.0,"88,496元/平",近地铁 VR看装修 
海淀 清河 清缘里中区  精装修 2居室 有电梯 首付210,清缘里中区,清河,2室1厅 ,76.44, 东 西 , 精装 ,9, 1998年 , 板楼,28, 4个月以前发布,4780000.0,"62,533元/平",VR看装修 房本满两年 
永泰园 一层两居 满五年唯一 诚心出售,永泰园,清河,2室1厅 ,40.23, 南 北 , 简装 ,6, 1975年 , 板楼,32, 5个月以前发布,3250000.0,"80,786元/平",近地铁 VR看装修 
永泰园03年商品房小区带电梯。无遮挡。,永泰园新地标,清河,2室1厅 ,100.11, 东 , 精装 ,17, 2003年 , 塔楼,16, 4个月以前发布,6500000.0,"64,929元/平",VR看装修 
此房是满五年唯一户型方正没有抵押楼层高视野好无遮挡,美欣家园,清河,1室1厅 ,62.84, 西 , 精装 ,15, 2003年 , 板楼,10, 9个月以前发布,5150000.0,"81,955元/平",近地铁 VR房源 
花园新区  看房方便 随时签约，,花园新区,清河,2室1厅 ,103.95, 南 , 精装 ,20, 2010年 , 塔楼,46, 4个月以前发布,6160000.0,"59,260元/平",VR看装修 
永泰园 2层 满五年唯一 双地铁配套,永泰园,清河,1室1厅 ,55.2, 南 , 简装 ,6, 2000年 , 板楼,38, 6个月以前发布,3960000.0,"71,740元/平",近地铁 VR看装修 
总监力荐，南北通透，双阳台，中间楼层,永泰中路23号,清河,2室2厅 ,108.69, 南 北 , 简装 ,6, 2002年 , 板楼,4,18,7700000.0,"70,844元/平",近地铁 VR看装修 房本满五年 
燕清源 2室1厅 南 北,燕清源,清河,2室1厅 ,104.0, 南 北 , 简装 ,28, 2005年 , 板塔结合,1,7,8500000.0,"81,731元/平",VR看装修 房本满五年 
永泰东里 南向 一室一厅 诚心出售  永泰庄,永泰东里,清河,1室1厅 ,41.27, 南 , 其他 ,6, 1999年 , 板楼,3, 1个月以前发布,3200000.0,"77,539元/平",近地铁 VR看装修 房本满两年 
后屯路32号院 2室1厅 南 北,后屯路32号院,清河,2室1厅 ,73.28, 南 北 , 其他 ,6, 1996年 , 板楼,10, 2个月以前发布,5200000.0,"70,961元/平",近地铁 VR看装修 房本满两年 
621小区 2室1厅 东 南 北,621小区,清河,2室1厅 ,41.5, 东 南 北 , 其他 ,5, 1970年 , 板楼,0, 刚刚发布,4000000.0,"96,386元/平",近地铁 VR房源 房本满两年 
强佑清河新城府学上院 1室1厅 东,强佑清河新城府学上院,清河,1室1厅 ,56.02, 东 , 简装 ,27, 2009年 , 板塔结合,2,6,4200000.0,"74,974元/平",近地铁 VR看装修 房本满五年 
金隅美和园 2室1厅 南 北,金隅美和园,清河,2室1厅 ,84.34, 南 北 , 精装 ,9, 2009年 , 板楼,1,3,6600000.0,"78,255元/平",近地铁 VR看装修 房本满五年 
海淀清河砂轮厂宿舍南北通透两居室 靠谱出售,砂轮厂宿舍,清河,2室1厅 ,56.1, 南 北 , 其他 ,5, 1986年 , 板楼,1,1,3450000.0,"61,498元/平",近地铁 VR房源 房本满两年 
橡树湾四期 东西通透  楼层高 视野好 精装修 诚售,橡树湾四期,清河,2室2厅 ,109.4, 东 西 , 精装 ,20, 2013年 , 板楼,0,14,12500000.0,"114,260元/平",VR看装修 房本满五年 
合景映月台 3室1厅 南 北,合景映月台,清河,3室1厅 ,97.73, 南 北 , 其他 ,8, 2016年 , 板楼,0,5,12000000.0,"122,788元/平",VR看装修 房本满五年 
强佑清河新城府学上院 1室1厅 西北,强佑清河新城府学上院,清河,1室1厅 ,47.13, 西北 , 其他 ,24, 2020年 , 板塔结合,1,16,4300000.0,"91,238元/平",近地铁 VR房源 
小营东路17号院  明厅三居室 南北通透 中间层,电力宿舍,清河,3室1厅 ,93.2, 东 南 北 , 简装 ,6, 1986年 , 板楼,14, 1个月以前发布,6090000.0,"65,344元/平",近地铁 VR看装修 随时看房 
强佑清河新城府学上院东向正规两居室,强佑清河新城府学上院,清河,2室1厅 ,98.7, 东 , 精装 ,27, 2009年 , 板塔结合,7,6,6950000.0,"70,416元/平",近地铁 VR看装修 房本满五年 
清河永泰西里 满五唯一 南北通透 中间层 不临街不把边,永泰西里,清河,2室1厅 ,58.6, 南 北 , 精装 ,6, 1993年 , 板楼,11, 2个月以前发布,4080000.0,"69,625元/平",近地铁 VR看装修 房本满五年 随时看房 
强佑清河新城府学上院 1室1厅 东南,强佑清河新城府学上院,清河,1室1厅 ,44.42, 东南 , 其他 ,14, 2021年 , 板塔结合,13, 2个月以前发布,3450000.0,"77,668元/平",近地铁 VR看装修 
后屯路32号院 精装两居 南北通透 满五唯一商品房,后屯路32号院,清河,2室1厅 ,60.6, 南 北 , 精装 ,6, 1996年 , 板楼,7,8,5150000.0,"84,984元/平",近地铁 VR看装修 房本满五年 
永泰东里 中间层 满五唯一商品房 精装修 近永泰庄地铁,永泰东里,清河,1室1厅 ,52.53, 南 , 精装 ,6, 2000年 , 板楼,1, 1个月以前发布,4700000.0,"89,473元/平",近地铁 VR看装修 房本满五年 
莱圳家园正对小区花园一居室，主卧落地阳台，可观西山,莱圳家园,清河,1室1厅 ,68.24, 西 , 其他 ,15, 2006年 , 板楼,2,3,5450000.0,"79,866元/平",近地铁 VR房源 房本满两年 随时看房 
复式户型   三居   满五年 诚意出售 南北户型,永泰园,清河,3室2厅 ,121.03, 南 北 , 简装 ,6, 2000年 , 板楼,293, 一年前发布,7500000.0,"61,969元/平",近地铁 房本满五年 
清河宝盛里芳清园 带电梯 精装修小两居 诚心出售,芳清园,清河,2室1厅 ,78.46, 东 , 精装 ,9, 2007年 , 板楼,8,17,5900000.0,"75,198元/平",VR看装修 房本满五年 
加气混凝土厂宿舍 精装三居室 中间楼层 业主诚意出售,加气混凝土厂宿舍,清河,3室1厅 ,71.5, 南 北 , 精装 ,5, 1984年 , 板楼,2, 2个月以前发布,6200000.0,"86,714元/平",近地铁 VR看装修 
北五环新上正规南向一居，业主诚心卖,水木天成,清河,1室1厅 ,69.44, 南 , 简装 ,28, 2005年 , 塔楼,8, 2个月以前发布,5480000.0,"78,918元/平",近地铁 VR房源 房本满两年 
观澳园2005年小区，近奥森，采光无遮挡,观澳园,清河,1室0厅 ,44.83, 南 , 精装 ,5, 2005年 , 板楼,3, 2个月以前发布,3750000.0,"83,650元/平",VR看装修 房本满五年 随时看房 
成本价，明厅一居，钢混结构，看房方便,清缘里中区,清河,1室1厅 ,60.29, 南 , 简装 ,9, 1998年 , 板楼,2,19,4100000.0,"68,005元/平",VR房源 
观澳园 南北通透 临河观景 视野开阔 采光充足,观澳园,清河,2室1厅 ,76.1, 南 北 , 精装 ,5, 2005年 , 板楼,12, 2个月以前发布,5700000.0,"74,902元/平",VR房源 房本满五年 
世华龙樾二期，正规两居室，精装自住，靠谱出售可看房,世华龙樾二期,清河,2室1厅 ,87.78, 东 西 , 精装 ,4, 2015年 , 板楼,3,16,11500000.0,"131,010元/平",近地铁 VR房源 房本满五年 
总监力荐，南北通透，双阳台，中间楼层,永泰中路23号,清河,2室2厅 ,108.69, 南 北 , 简装 ,6, 2002年 , 板楼,4,18,7700000.0,"70,844元/平",近地铁 VR看装修 房本满五年 
海淀清河砂轮厂宿舍南北通透两居室 靠谱出售,砂轮厂宿舍,清河,2室1厅 ,56.1, 南 北 , 其他 ,5, 1986年 , 板楼,1,1,3450000.0,"61,498元/平",近地铁 VR房源 房本满两年 
橡树湾四期 东西通透  楼层高 视野好 精装修 诚售,橡树湾四期,清河,2室2厅 ,109.4, 东 西 , 精装 ,20, 2013年 , 板楼,0,14,12500000.0,"114,260元/平",VR看装修 房本满五年 
621小区 2室1厅 东 南 北,621小区,清河,2室1厅 ,41.5, 东 南 北 , 其他 ,5, 1970年 , 板楼,0, 刚刚发布,4000000.0,"96,386元/平",近地铁 VR房源 房本满两年 
金隅美和园 2室1厅 南 北,金隅美和园,清河,2室1厅 ,84.34, 南 北 , 精装 ,9, 2009年 , 板楼,1,3,6600000.0,"78,255元/平",近地铁 VR看装修 房本满五年 
强佑清河新城府学上院 1室1厅 东,强佑清河新城府学上院,清河,1室1厅 ,56.02, 东 , 简装 ,27, 2009年 , 板塔结合,2,6,4200000.0,"74,974元/平",近地铁 VR看装修 房本满五年 
合景映月台 3室1厅 南 北,合景映月台,清河,3室1厅 ,97.73, 南 北 , 其他 ,8, 2016年 , 板楼,0,5,12000000.0,"122,788元/平",VR看装修 房本满五年 
永泰东里两居，中间层，采光好，有钥匙，随时看,永泰东里,清河,2室1厅 ,61.1, 南 北 , 毛坯 ,6, 1998年 , 板楼,18, 3个月以前发布,4500000.0,"73,650元/平",VR看装修 随时看房 
宝盛里中间层南北通透双卧朝南两居室，满五年唯一,宝盛里,清河,2室1厅 ,70.26, 南 北 , 精装 ,5, 2001年 , 板楼,14, 1个月以前发布,5300000.0,"75,435元/平",VR看装修 房本满五年 
怡清园三居，电梯直达，视野开阔，采光充足，拎包入住,怡清园,清河,3室2厅 ,121.76, 西 , 精装 ,15, 2003年 , 板塔结合,6,17,7400000.0,"60,776元/平",近地铁 VR房源 随时看房 
怡清园 2003年小区 近地铁 有电梯朝南 视野佳 靠谱卖,怡清园,清河,2室1厅 ,117.54, 南 , 精装 ,15, 2003年 , 板塔结合,7,18,6880000.0,"58,534元/平",近地铁 VR房源 房本满五年 
海淀清河永泰东里，满五年唯一，正规一居，,永泰东里,清河,1室1厅 ,48.78, 西 , 其他 ,6, 1997年 , 板楼,15,14,2850000.0,"58,426元/平",近地铁 VR看装修 房本满五年 随时看房 
海淀产权 满五唯一 近奥森公园  复式,观澳园,清河,3室2厅 ,124.46, 南 北 , 其他 ,7, 2005年 , 板楼,12, 1个月以前发布,8290000.0,"66,608元/平",VR房源 房本满五年 随时看房 
海淀产权 满五唯一 近奥森公园  复式,观澳园,清河,3室2厅 ,124.46, 南 北 , 其他 ,7, 2005年 , 板楼,12, 1个月以前发布,8290000.0,"66,608元/平",VR房源 房本满五年 随时看房 
清河宝盛里芳清园 带电梯 精装修小两居 诚心出售,芳清园,清河,2室1厅 ,78.46, 东 , 精装 ,9, 2007年 , 板楼,8,17,5900000.0,"75,198元/平",VR看装修 房本满五年 
莱圳家园南向大一居室 主卧带飘窗 满五年 客厅带阳台,莱圳家园,清河,1室1厅 ,64.99, 南 , 精装 ,18, 2009年 , 板楼,33, 2个月以前发布,5500000.0,"84,629元/平",近地铁 VR房源 房本满五年 随时看房 
北五环新上正规南向一居，业主诚心卖,水木天成,清河,1室1厅 ,69.44, 南 , 简装 ,28, 2005年 , 塔楼,8, 2个月以前发布,5480000.0,"78,918元/平",近地铁 VR房源 房本满两年 
观澳园 南北通透 临河观景 视野开阔 采光充足,观澳园,清河,2室1厅 ,76.1, 南 北 , 精装 ,5, 2005年 , 板楼,12, 2个月以前发布,5700000.0,"74,902元/平",VR房源 房本满五年 
成本价，明厅一居，钢混结构，看房方便,清缘里中区,清河,1室1厅 ,60.29, 南 , 简装 ,9, 1998年 , 板楼,2,19,4100000.0,"68,005元/平",VR房源 
加气混凝土厂宿舍 精装三居室 中间楼层 业主诚意出售,加气混凝土厂宿舍,清河,3室1厅 ,71.5, 南 北 , 精装 ,5, 1984年 , 板楼,2, 2个月以前发布,6200000.0,"86,714元/平",近地铁 VR看装修 
观澳园2005年小区，近奥森，采光无遮挡,观澳园,清河,1室0厅 ,44.83, 南 , 精装 ,5, 2005年 , 板楼,3, 2个月以前发布,3750000.0,"83,650元/平",VR看装修 房本满五年 随时看房 
永泰东里两居，中间层，采光好，有钥匙，随时看,永泰东里,清河,2室1厅 ,61.1, 南 北 , 毛坯 ,6, 1998年 , 板楼,18, 3个月以前发布,4500000.0,"73,650元/平",VR看装修 随时看房 
宝盛里中间层南北通透双卧朝南两居室，满五年唯一,宝盛里,清河,2室1厅 ,70.26, 南 北 , 精装 ,5, 2001年 , 板楼,14, 1个月以前发布,5300000.0,"75,435元/平",VR看装修 房本满五年 
怡清园三居，电梯直达，视野开阔，采光充足，拎包入住,怡清园,清河,3室2厅 ,121.76, 西 , 精装 ,15, 2003年 , 板塔结合,6,17,7400000.0,"60,776元/平",近地铁 VR房源 随时看房 
怡清园 2003年小区 近地铁 有电梯朝南 视野佳 靠谱卖,怡清园,清河,2室1厅 ,117.54, 南 , 精装 ,15, 2003年 , 板塔结合,7,18,6880000.0,"58,534元/平",近地铁 VR房源 房本满五年 
世华龙樾二期，正规两居室，精装自住，靠谱出售可看房,世华龙樾二期,清河,2室1厅 ,87.78, 东 西 , 精装 ,4, 2015年 , 板楼,3,16,11500000.0,"131,010元/平",近地铁 VR房源 房本满五年 
毛纺厂西小区 南北通透 精装修,毛纺厂西小区,清河,3室1厅 ,76.9, 南 北 , 其他 ,4, 1962年 , 板楼,21,17,5180000.0,"67,361元/平",近地铁 VR房源 
f橡府精装修四居室、南北通透正对公园和花园,橡树湾五期,清河,4室2厅 ,239.19, 南 北 , 精装 ,22, 2018年 , 板楼,4,19,36000000.0,"150,508元/平",VR房源 房本满五年 
世华龙樾一期西区 毛坯三居室 中间层 有电梯,世华龙樾一期西区,清河,3室1厅 ,89.2, 东 西 , 毛坯 ,15, 2018年 , 板楼,19, 1个月以前发布,7800000.0,"87,444元/平",近地铁 VR看装修 随时看房 
永泰园南向一居室，2013年精装修满五年唯一,永泰园,清河,1室1厅 ,44.54, 南 , 其他 ,7, 1999年 , 板楼,1,1,3080000.0,"69,152元/平",近地铁 VR房源 房本满五年 
621小区 五星社区 南北正规两居室 满五唯一,621小区,清河,2室1厅 ,41.5, 南 北 , 其他 ,5, 1991年 , 板楼,6, 1个月以前发布,3990000.0,"96,145元/平",近地铁 VR房源 房本满五年 随时看房 
清河新城府学上院 满五唯一 精装修,强佑清河新城府学上院,清河,3室2厅 ,139.35, 东 南 北 , 精装 ,27, 2012年 , 板塔结合,23, 2个月以前发布,10700000.0,"76,786元/平",近地铁 VR看装修 房本满五年 
永泰东里两居，满5唯一，客厅带阳台，业主诚心出售,永泰东里,清河,2室1厅 ,63.0, 南 北 , 简装 ,6, 1999年 , 板楼,5, 2个月以前发布,4800000.0,"76,191元/平",近地铁 VR房源 房本满两年 
世华龙樾一期西区 满五年唯一 南北两居室 低楼层,世华龙樾一期西区,清河,2室1厅 ,75.16, 南 北 , 精装 ,18, 2014年 , 板塔结合,60, 3个月以前发布,6300000.0,"83,822元/平",近地铁 VR看装修 房本满五年 随时看房 
此房满五唯一商品房 南北通透格局好 楼层好 中间层,宝盛里,清河,2室1厅 ,70.19, 南 北 , 简装 ,6, 2001年 , 板楼,1,6,5500000.0,"78,359元/平",VR看装修 房本满五年 
阳光南里 2室1厅 南 北,阳光南里,清河,2室1厅 ,74.0, 南 北 , 简装 ,6, 1996年 , 板楼,2,4,5580000.0,"75,406元/平",近地铁 VR看装修 房本满五年 
毛纺厂南小区 2室1厅 西南,毛纺厂南小区,清河,2室1厅 ,55.4, 西南 , 毛坯 ,6, 1981年 , 板塔结合,3,17,3890000.0,"70,217元/平",近地铁 VR房源 随时看房 
宝盛北里西区 精装三居两厅  采光好 有车位,宝盛北里,清河,3室2厅 ,104.13, 南 西 北 , 精装 ,6, 2003年 , 板楼,8,21,7500000.0,"72,026元/平",VR看装修 房本满两年 随时看房 
观景园南向两居室，看房方便，业主诚意出售,观景园,清河,2室1厅 ,101.89, 南 , 简装 ,6, 2011年 , 板楼,3,15,8250000.0,"80,970元/平",VR看装修 房本满两年 随时看房 
总监力荐大三居 满五唯一 低楼层 南北通透 采光好,永泰西里,清河,3室1厅 ,95.03, 南 北 , 简装 ,6, 1998年 , 板楼,12, 1个月以前发布,7280000.0,"76,608元/平",近地铁 VR房源 房本满五年 
高巢电梯一居室，永泰庄地铁附近,高巢,清河,1室0厅 ,34.06, 东 , 简装 ,15, 2005年 , 板塔结合,4,3,2750000.0,"80,740元/平",近地铁 VR看装修 
一层正规三居室南北通透适合家有老人出行方便,621小区,清河,3室1厅 ,72.0, 南 北 , 精装 ,6, 1988年 , 板楼,2,18,5700000.0,"79,167元/平",近地铁 VR房源 房本满五年 
清缘里  双通透  采光好 不临街  钢混住宅 满五唯一,清缘里中区,清河,2室1厅 ,69.96, 东 西 , 精装 ,7, 1999年 , 板楼,6,10,4980000.0,"71,184元/平",近地铁 VR看装修 房本满五年 
强佑清河新城府学上院 1室1厅 东,强佑清河新城府学上院,清河,1室1厅 ,37.54, 东 , 其他 ,18, 2020年 , 板塔结合,4,7,3500000.0,"93,234元/平",近地铁 VR看装修 
清缘东里新上，总监力荐临河观景南北通透，复式两卫,清缘东里,清河,2室1厅 ,71.4, 南 北 , 精装 ,10, 2003年 , 板楼,11,14,6390000.0,"89,496元/平",近地铁 VR房源 房本满五年 
宝盛北里位置好，不临街，全明格局，满五年唯一,宝盛北里,清河,2室1厅 ,101.7, 南 北 , 精装 ,6, 2004年 , 板楼,7, 3个月以前发布,6460000.0,"63,521元/平",VR房源 房本满五年 
【满五唯一】海淀清河 南北通透 正规两居 双阳台,永泰西里,清河,2室1厅 ,74.19, 南 北 , 简装 ,6, 1999年 , 板楼,26, 3个月以前发布,5690000.0,"76,695元/平",近地铁 VR房源 
毛西两居，满五年，2层，小区中间位置，安静,毛纺厂西小区,清河,2室1厅 ,60.9, 南 北 , 毛坯 ,4, 1958年 , 板楼,2,15,4660000.0,"76,519元/平",近地铁 VR房源 房本满五年 
满五年唯一・，精装修四居室中间层视野好,小营干休所,清河,4室1厅 ,100.55, 东 西 北 , 精装 ,18, 2008年 , 塔楼,31, 2个月以前发布,6850000.0,"68,126元/平",近地铁 VR看装修 随时看房 
清河宝盛里芳清园 南北通透三居室 诚心出售随时签约,芳清园,清河,3室2厅 ,132.06, 南 北 , 简装 ,6, 2007年 , 板楼,5,11,10450000.0,"79,131元/平",VR看装修 随时看房 
海淀清河永泰东里，满五年唯一，正规一居，,永泰东里,清河,1室1厅 ,48.78, 西 , 其他 ,6, 1997年 , 板楼,15,14,2850000.0,"58,426元/平",近地铁 VR看装修 房本满五年 随时看房 
强佑清河新城府学上院 1室0厅 东,强佑清河新城府学上院,清河,1室0厅 ,32.16, 东 , 简装 ,24, 2020年 , 板塔结合,6, 3个月以前发布,3250000.0,"101,058元/平",近地铁 VR看装修 随时看房 
清河永泰西里 满五唯一 精装 户型好 客厅朝南带阳台,永泰西里,清河,2室1厅 ,73.21, 南 北 , 其他 ,6, 1998年 , 板楼,5, 2个月以前发布,6300000.0,"86,054元/平",近地铁 VR房源 房本满五年 
浩思家园  有装修  欧式风格  平层好楼层,专家国际花园,清河,3室1厅 ,220.67, 南 北 , 精装 ,5, 2008年 , 板楼,3, 2个月以前发布,22500000.0,"101,963元/平",近地铁 VR看装修 房本满五年 
浩思家园 把边上跃 低密度洋房封闭式管理,专家国际花园,清河,5室2厅 ,288.08, 南 北 , 精装 ,5, 2008年 , 板楼,3,18,25500000.0,"88,518元/平",近地铁 VR房源 房本满五年 
东向电梯落地窗大一居，看房方便,水木天成,清河,2室1厅 ,67.1, 东 , 精装 ,26, 2005年 , 板楼,5,14,5250000.0,"78,242元/平",VR房源 房本满五年 
一层正规三居室南北通透适合家有老人出行方便,621小区,清河,3室1厅 ,72.0, 南 北 , 精装 ,6, 1988年 , 板楼,2,18,5700000.0,"79,167元/平",近地铁 VR房源 房本满五年 
永泰东里 三层 一居 楼层位置好 采光好 诚心出售,永泰东里,清河,1室1厅 ,45.0, 西 , 精装 ,6, 1998年 , 板楼,7,4,3280000.0,"72,889元/平",近地铁 VR房源 房本满五年 
橡树湾四期 2室2厅 东 西,橡树湾四期,清河,2室2厅 ,106.41, 东 西 , 精装 ,18, 2013年 , 板塔结合,0,10,12880000.0,"121,042元/平",VR看装修 
18年的新房，带电梯，适合刚需客户，小户型,强佑清河新城府学上院,清河,1室0厅 ,25.15, 东 , 精装 ,18, 2020年 , 板塔结合,7, 6个月以前发布,2900000.0,"115,309元/平",近地铁 VR看装修 随时看房 
水木天成 1室1厅 南,水木天成,清河,1室1厅 ,69.26, 南 , 精装 ,28, 2006年 , 塔楼,1,7,5600000.0,"80,855元/平",近地铁 VR看装修 房本满五年 随时看房 
世华龙樾一期西区 精装两居室，南北通透,世华龙樾一期西区,清河,2室1厅 ,77.24, 南 北 , 其他 ,17, 2018年 , 板楼,21, 6个月以前发布,7200000.0,"93,216元/平",近地铁 VR看装修 
高新小区品质社区有电梯，五彩城商超400米地铁，精装,橡林郡,清河,1室1厅 ,59.32, 西 , 精装 ,21, 2020年 , 板楼,1,9,6150000.0,"103,675元/平",近地铁 VR房源 房本满两年 
小营东路6号院 正规两居室  满五年唯一,小营东路6号院,清河,2室1厅 ,58.6, 南 北 , 简装 ,6, 1993年 , 板楼,1,8,4800000.0,"81,912元/平",近地铁 VR看装修 房本满五年 随时看房 
怡清园，中间层，满五唯一，精装修，正规一居室，,怡清园,清河,1室1厅 ,55.13, 北 , 精装 ,15, 2003年 , 板塔结合,6,13,4200000.0,"76,184元/平",近地铁 VR房源 房本满五年 
花园楼 南北通透三居  户型方正  无浪费面积,花园楼,清河,3室1厅 ,67.2, 南 北 , 简装 ,6, 1985年 , 板楼,11,17,4650000.0,"69,197元/平",VR房源 房本满五年 
清缘里中区东西通透两居室，欢迎来访,清缘里中区,清河,2室1厅 ,72.17, 东 西 , 精装 ,7, 1998年 , 板楼,8,10,4790000.0,"66,372元/平",VR看装修 房本满两年 
莱圳家园北区，二居精装修，地铁八号线西小口站550米,莱圳家园,清河,2室1厅 ,94.92, 东南 西北 , 精装 ,16, 2009年 , 板楼,30, 3个月以前发布,7350000.0,"77,434元/平",近地铁 VR看装修 随时看房 
南北朝向，诚心出售，满五唯一，光线好,毛纺厂南小区,清河,2室1厅 ,60.1, 南 北 , 精装 ,6, 1994年 , 板楼,1,6,4000000.0,"66,556元/平",近地铁 VR房源 房本满五年 
621小区全南两居室，精装修，诚意售，采光棒，户型优,621小区,清河,2室1厅 ,54.2, 南 北 , 精装 ,6, 1980年 , 板楼,3, 3个月以前发布,4850000.0,"89,484元/平",近地铁 VR看装修 房本满两年 
满五年唯一，电梯房，业主诚心出售，看房提前预约,水木天成,清河,2室1厅 ,88.46, 西北 , 精装 ,28, 2005年 , 塔楼,10, 2个月以前发布,6350000.0,"71,784元/平",近地铁 VR看装修 房本满五年 
强佑清河新城府学上院 3室2厅 南 北,强佑清河新城府学上院,清河,3室2厅 ,139.29, 南 北 , 精装 ,27, 2009年 , 板塔结合,12, 2个月以前发布,11460000.0,"82,275元/平",VR看装修 房本满五年 
橡树湾二期3+1南北通透四居 正对花园 满五年,橡树湾二期,清河,4室2厅 ,166.25, 南 北 , 精装 ,22, 2008年 , 板塔结合,9, 1个月以前发布,21900000.0,"131,730元/平",近地铁 VR看装修 随时看房 
橡树湾二期 3室1厅 东 西,橡树湾二期,清河,3室1厅 ,96.87, 东 西 , 精装 ,12, 2009年 , 板塔结合,3,4,12000000.0,"123,878元/平",近地铁 VR看装修 房本满五年 
橡林郡 2室2厅 南,橡林郡,清河,2室2厅 ,87.8, 南 , 精装 ,18, 2020年 , 板塔结合,2, 2个月以前发布,12800000.0,"145,786元/平",近地铁 VR看装修 房本满两年 
宝盛北里中楼层装修好满五年户型方正,宝盛北里,清河,1室1厅 ,68.16, 南 , 简装 ,6, 2004年 , 板楼,1,13,4950000.0,"72,624元/平",VR房源 房本满五年 
砂轮厂宿舍 2室1厅 南 北,砂轮厂宿舍,清河,2室1厅 ,59.6, 南 北 , 其他 ,7, 1998年 , 板楼,2, 2个月以前发布,4400000.0,"73,826元/平",VR看装修 房本满五年 
世华龙樾一期西区 东西通透一居室 精装修两居室,世华龙樾一期西区,清河,2室1厅 ,54.6, 东 西 , 精装 ,11, 2018年 , 板楼,4,10,5950000.0,"108,975元/平",近地铁 VR看装修 
世华龙樾一期东区 2室1厅 南 北,世华龙樾一期东区,清河,2室1厅 ,87.55, 南 北 , 精装 ,11, 2014年 , 板楼,8, 2个月以前发布,12000000.0,"137,065元/平",近地铁 VR看装修 房本满五年 
永泰园新风景2003年 电梯大一居室 板楼 中楼层 双地铁,永泰园,清河,1室1厅 ,56.53, 南 , 其他 ,10, 2003年 , 板楼,3, 2个月以前发布,5080000.0,"89,864元/平",近地铁 VR看装修 房本满两年 
观景园精装修 满五唯一商品房 诚意出售,观景园,清河,1室1厅 ,64.58, 东 , 精装 ,6, 2011年 , 板楼,1, 3个月以前发布,5300000.0,"82,069元/平",VR看装修 房本满五年 随时看房 
永泰园电梯三居室，交通方便，满五唯一，靠谱出售,永泰园新地标,清河,3室1厅 ,133.23, 南 西 , 其他 ,31, 2002年 , 塔楼,15, 2个月以前发布,8100000.0,"60,798元/平",VR看装修 房本满五年 
怡清园 精装修商品房可正规两室,怡清园,清河,3房间1卫 ,83.95, 东 西 , 精装 ,6, 2003年 , 板楼,6, 一年前发布,3700000.0,"44,074元/平",近地铁 房本满五年 
强佑清河新城府学上院大户型总价合适户型方正,强佑清河新城府学上院,清河,3室1厅 ,152.4, 南 北 , 简装 ,14, 2021年 , 板塔结合,40, 6个月以前发布,9000000.0,"59,056元/平",近地铁 
新上橡树湾四期精装两居诚意出售,橡树湾四期,清河,2室1厅 ,109.22, 西 东 , 精装 ,20, 2013年 , 板楼,0,16,13500000.0,"123,604元/平",房本满两年 
浩思家园 把边上跃 低密度洋房封闭式管理,专家国际花园,清河,5室2厅 ,288.08, 南 北 , 精装 ,5, 2008年 , 板楼,3,18,25500000.0,"88,518元/平",近地铁 VR房源 房本满五年 
浩思家园  有装修  欧式风格  平层好楼层,专家国际花园,清河,3室1厅 ,220.67, 南 北 , 精装 ,5, 2008年 , 板楼,3, 2个月以前发布,22500000.0,"101,963元/平",近地铁 VR看装修 房本满五年 
东向电梯落地窗大一居，看房方便,水木天成,清河,2室1厅 ,67.1, 东 , 精装 ,26, 2005年 , 板楼,5,14,5250000.0,"78,242元/平",VR房源 房本满五年 
毛纺厂南小区 正规三居室 带10平米封闭阳台 全明格局,毛纺厂南小区,清河,3室1厅 ,76.1, 南 北 , 毛坯 ,6, 1987年 , 板楼,4,9,5200000.0,"68,332元/平",近地铁 VR看装修 
怡清园，中间层，满五唯一，精装修，正规一居室，,怡清园,清河,1室1厅 ,55.13, 北 , 精装 ,15, 2003年 , 板塔结合,6,13,4200000.0,"76,184元/平",近地铁 VR房源 房本满五年 
花园楼 南北通透三居  户型方正  无浪费面积,花园楼,清河,3室1厅 ,67.2, 南 北 , 简装 ,6, 1985年 , 板楼,11,17,4650000.0,"69,197元/平",VR房源 房本满五年 
清缘里中区东西通透两居室，欢迎来访,清缘里中区,清河,2室1厅 ,72.17, 东 西 , 精装 ,7, 1998年 , 板楼,8,10,4790000.0,"66,372元/平",VR看装修 房本满两年 
永泰园 3室1厅 南 北,永泰园,清河,3室1厅 ,81.71, 南 北 , 精装 ,5, 1993年 , 板楼,17,16,6200000.0,"75,879元/平",近地铁 VR看装修 房本满五年 
小营东路6号院 正规两居室  满五年唯一,小营东路6号院,清河,2室1厅 ,58.6, 南 北 , 简装 ,6, 1993年 , 板楼,1,8,4800000.0,"81,912元/平",近地铁 VR看装修 房本满五年 随时看房 
世华龙樾一期西区 精装两居室，南北通透,世华龙樾一期西区,清河,2室1厅 ,77.24, 南 北 , 其他 ,17, 2018年 , 板楼,21, 6个月以前发布,7200000.0,"93,216元/平",近地铁 VR看装修 
18年的新房，带电梯，适合刚需客户，小户型,强佑清河新城府学上院,清河,1室0厅 ,25.15, 东 , 精装 ,18, 2020年 , 板塔结合,7, 6个月以前发布,2900000.0,"115,309元/平",近地铁 VR看装修 随时看房 
高新小区品质社区有电梯，五彩城商超400米地铁，精装,橡林郡,清河,1室1厅 ,59.32, 西 , 精装 ,21, 2020年 , 板楼,1,9,6150000.0,"103,675元/平",近地铁 VR房源 房本满两年 
水木天成 1室1厅 南,水木天成,清河,1室1厅 ,69.26, 南 , 精装 ,28, 2006年 , 塔楼,1,7,5600000.0,"80,855元/平",近地铁 VR看装修 房本满五年 随时看房 
橡树湾四期 2室2厅 东 西,橡树湾四期,清河,2室2厅 ,106.41, 东 西 , 精装 ,18, 2013年 , 板塔结合,0,10,12880000.0,"121,042元/平",VR看装修 
毛纺厂南小区 2室1厅 东 西,毛纺厂南小区,清河,2室1厅 ,70.8, 东 西 , 其他 ,6, 1997年 , 板楼,3, 1个月以前发布,4800000.0,"67,797元/平",VR看装修 
永泰东里 三层 一居 楼层位置好 采光好 诚心出售,永泰东里,清河,1室1厅 ,45.0, 西 , 精装 ,6, 1998年 , 板楼,7,4,3280000.0,"72,889元/平",近地铁 VR房源 房本满五年 
橡树湾二期 3室1厅 南 北,橡树湾二期,清河,3室1厅 ,176.24, 南 北 , 精装 ,16, 2009年 , 板塔结合,3,16,24500000.0,"139,015元/平",房本满五年 
世华龙樾一期西区 高楼层 视野开阔 全南向一居室 靠谱,世华龙樾一期西区,清河,1室1厅 ,57.25, 南 , 简装 ,15, 2018年 , 板楼,2,9,5050000.0,"88,210元/平",近地铁 
强佑清河新城府学上院东南向正规两居室,强佑清河新城府学上院,清河,2室1厅 ,62.8, 东 南 , 简装 ,14, 2021年 , 板塔结合,14, 1个月以前发布,4360000.0,"69,427元/平",近地铁 
世华龙樾一期西区 中间层 全南向 精装修 诚意出售,世华龙樾一期西区,清河,2室1厅 ,76.62, 南 , 简装 ,11, 2018年 , 板塔结合,2,9,7050000.0,"92,013元/平",
621小区 2室1厅 南 北,621小区,清河,2室1厅 ,54.6, 南 北 , 其他 ,6, 1980年 , 板楼,0,6,4950000.0,"90,660元/平",近地铁 房本满两年 
永泰园 1室1厅 南,永泰园,清河,1室1厅 ,61.4, 南 , 简装 ,6, 1996年 , 板楼,0,19,4580000.0,"74,593元/平",近地铁 房本满五年 
花园楼 3室1厅 西南,花园楼,清河,3室1厅 ,65.7, 西南 , 简装 ,6, 1980年 , 板楼,8,11,4170000.0,"63,471元/平",房本满五年 
橡树湾三期 3室2厅 西,橡树湾三期,清河,3室2厅 ,87.18, 西 , 其他 ,16, 2011年 , 板塔结合,0,8,13200000.0,"151,411元/平",近地铁 房本满五年 
世华龙樾一期西区 南向一居室 小区人车分流 业主诚售,世华龙樾一期西区,清河,1室1厅 ,56.69, 南 , 精装 ,17, 2018年 , 板楼,1,9,5050000.0,"89,081元/平",近地铁 
落地窗 南北两居  满五唯一 双卫 可预约看房,力度家园,清河,2室2厅 ,110.25, 南 北 , 精装 ,21, 2004年 , 板塔结合,11,9,7800000.0,"70,749元/平",房本满五年 
清河福美苑 全明格局三居室 高楼层 商品房满五唯一,福美苑,清河,3室1厅 ,90.45, 南 西 北 , 简装 ,16, 2012年 , 板楼,14,17,6300000.0,"69,652元/平",近地铁 房本满两年 
高楼层一居 满五唯一 位置安静 配套齐全,力度家园,清河,1室1厅 ,67.89, 西 , 简装 ,15, 2004年 , 板塔结合,2,9,4800000.0,"70,703元/平",近地铁 房本满五年 
海淀区 观林园 明卫三居室 中间层电梯直达,观林园,清河,3室1厅 ,143.82, 东 南 北 , 精装 ,9, 2008年 , 板楼,2, 1个月以前发布,13500000.0,"93,868元/平",房本满五年 
观景园 2室1厅 东 西,观景园,清河,2室1厅 ,93.79, 东 西 , 简装 ,6, 2011年 , 板楼,1,7,7500000.0,"79,966元/平",房本满两年 
